0,0,2.0
1,0,1.0
1,1,2.0
1,2,2.0
2,0,0.0
2,2,2.0
2,3,2.0
3,0,2.0
3,1,1.0
3,3,2.0
4,1,1.0
4,3,2.0
5,2,2.0
6,0,1.0
6,1,1.0
7,0,0.5
7,1,1.5
8,2,0.0
9,0,1.0
9,1,2.0
9,2,1.0
10,1,1.0
10,3,0.5
11,0,1.0
11,1,0.5
11,2,1.0
12,0,2.0
12,1,1.0
12,2,2.0
12,3,2.0
13,0,0.5
13,3,1.0
14,3,1.0
15,0,2.0
15,1,2.0
15,2,1.6666666666666667
16,0,1.0
16,2,2.0
17,0,1.0
17,1,0.0
18,0,1.0
18,2,2.0
18,3,1.5
19,0,2.0
19,2,2.0
19,3,2.0
20,0,2.0
20,3,2.0
21,3,1.0
22,0,1.0
22,1,2.0
22,2,1.0
22,3,1.0
23,2,0.0
23,3,0.75
24,0,0.5
24,1,0.0
24,3,0.0
25,1,1.0
25,2,2.0
25,3,2.0
26,0,1.0
26,2,2.0
26,3,2.0
27,0,0.0
27,1,1.3333333333333333
27,3,0.0
28,0,0.0
28,1,0.0
28,3,1.5
29,0,1.5
29,1,0.0
29,3,2.0
30,1,1.0
30,2,2.0
30,3,1.0
31,0,1.0
31,3,1.5
32,0,1.3333333333333333
32,1,1.0
33,0,1.5
33,2,2.0
33,3,2.0
34,1,0.75
35,0,2.0
35,1,1.0
35,2,1.0
35,3,1.5
36,0,0.0
36,1,2.0
37,0,2.0
37,2,2.0
37,3,0.5
38,0,1.0
38,1,1.0
38,2,1.0
38,3,1.0
39,0,0.6666666666666666
39,1,1.0
40,2,1.5
40,3,0.0
41,3,1.0
42,1,0.5
43,0,2.0
43,2,2.0
43,3,2.0
44,1,0.0
44,3,2.0
45,2,2.0
46,0,0.5
46,2,1.0
46,3,2.0
47,2,2.0
48,0,0.5
48,3,1.0
49,0,2.0
49,1,1.0
49,2,2.0
50,1,1.0
50,2,1.0
51,0,0.0
51,1,0.5
52,0,0.0
52,1,1.0
52,3,0.0
53,0,2.0
53,1,2.0
53,2,2.0
54,0,0.0
54,1,1.0
54,2,2.0
54,3,2.0
55,0,1.0
55,1,1.5
55,2,2.0
56,0,1.5
56,2,1.0
56,3,0.0
57,0,1.0
57,3,2.0
58,0,1.0
58,2,1.0
58,3,1.0
59,2,2.0
59,3,2.0
61,0,1.0
61,1,1.0
61,3,1.0
62,0,1.3333333333333333
63,3,1.0
64,3,0.0
65,0,1.0
65,3,1.0
66,1,0.0
66,2,2.0
66,3,1.0
67,0,0.0
67,1,1.0
67,3,0.0
68,0,0.6666666666666666
68,1,1.0
69,1,1.0
69,2,1.0
70,0,0.0
71,0,1.0
71,2,2.0
71,3,2.0
72,0,2.0
72,1,2.0
73,2,0.0
73,3,1.0
74,3,1.0
75,0,1.0
75,1,2.0
75,2,2.0
76,2,2.0
76,3,1.25
77,1,1.3333333333333333
77,2,0.0
78,0,0.0
78,1,1.0
78,2,2.0
79,0,0.5
80,0,0.0
80,1,2.0
80,2,2.0
80,3,1.0
81,0,1.0
81,1,1.0
81,2,1.0
81,3,2.0
82,0,0.6666666666666666
82,2,2.0
82,3,0.0
83,0,2.0
83,2,1.5
83,3,1.0
84,0,1.0
84,1,1.0
84,2,1.5
84,3,2.0
85,0,1.0
85,2,1.0
85,3,1.0
86,0,2.0
86,1,1.0
86,2,2.0
87,0,0.0
87,1,0.5
87,2,0.0
88,0,2.0
88,2,2.0
88,3,2.0
89,0,2.0
89,2,2.0
90,2,1.0
90,3,2.0
91,0,1.0
91,1,0.0
91,3,2.0
92,0,1.5
92,2,2.0
92,3,2.0
93,0,1.0
93,2,2.0
93,3,2.0
94,0,1.0
94,1,1.0
94,3,2.0
95,1,1.0
96,0,2.0
96,1,1.5
97,0,1.0
97,1,1.0
98,2,2.0
98,3,2.0
99,0,1.0
99,2,2.0
99,3,1.5
100,0,0.0
100,1,1.5
100,2,1.0
100,3,2.0
101,1,1.5
101,2,2.0
101,3,1.0
102,0,1.0
103,2,2.0
103,3,1.3333333333333333
104,0,2.0
104,2,1.3333333333333333
104,3,1.0
105,1,1.5
105,3,1.0
106,0,2.0
106,1,1.5
106,2,1.0
107,1,1.0
107,2,2.0
107,3,2.0
108,0,2.0
108,2,1.0
108,3,0.5
109,1,1.0
109,2,0.75
110,0,1.0
110,1,1.0
110,3,1.0
111,0,2.0
111,3,1.5
112,1,1.0
112,2,2.0
113,0,1.0
113,1,0.0
113,2,2.0
114,0,2.0
114,2,1.0
114,3,2.0
115,0,0.0
115,2,2.0
116,0,2.0
116,2,1.5
116,3,0.0
117,1,2.0
118,0,0.6666666666666666
118,1,1.0
118,3,1.0
119,0,0.0
119,3,1.0
120,0,0.0
120,2,1.0
121,0,1.0
121,1,1.0
122,2,1.3333333333333333
122,3,2.0
123,0,1.0
123,3,2.0
124,0,2.0
124,2,2.0
124,3,2.0
125,1,1.0
125,2,0.0
126,0,0.0
126,1,1.0
126,3,2.0
127,0,0.3333333333333333
127,2,1.5
128,0,1.0
128,2,2.0
128,3,1.0
129,0,1.0
129,2,0.0
129,3,0.0
130,0,0.0
130,1,2.0
131,3,1.0
132,1,1.0
132,2,2.0
132,3,2.0
133,0,0.0
133,1,1.0
133,2,2.0
133,3,2.0
134,1,1.5
134,2,1.0
135,0,1.0
135,1,1.0
135,2,2.0
135,3,2.0
136,0,2.0
136,2,2.0
136,3,2.0
137,0,1.5
137,3,2.0
138,0,1.0
138,2,0.0
138,3,0.5
139,0,2.0
139,3,2.0
140,0,1.5
140,2,2.0
140,3,1.0
141,0,2.0
141,1,1.0
141,3,2.0
142,0,1.0
142,2,2.0
142,3,1.0
143,0,1.0
143,1,2.0
143,3,0.0
144,0,0.0
144,1,0.0
144,2,0.5
145,0,0.0
145,1,0.5
146,0,2.0
146,2,2.0
146,3,2.0
147,0,1.0
147,3,1.0
148,0,1.0
148,1,1.0
148,2,2.0
149,0,2.0
149,2,2.0
149,3,2.0
150,0,2.0
150,2,1.75
151,0,1.5
151,2,2.0
152,0,1.5
152,2,2.0
153,0,0.0
153,2,1.5
153,3,2.0
154,2,2.0
155,0,0.0
155,2,1.0
155,3,1.0
156,0,1.0
156,2,0.0
156,3,2.0
157,0,1.0
157,3,1.0
158,1,1.5
158,3,2.0
159,0,1.0
159,1,1.0
159,3,1.0
160,1,1.0
160,3,1.0
161,1,1.0
161,2,0.5
162,0,2.0
162,2,2.0
162,3,1.0
163,0,1.6666666666666667
163,1,1.0
164,0,0.0
164,2,1.5
164,3,1.0
165,0,0.0
165,1,0.6666666666666666
166,1,1.0
167,2,1.0
167,3,1.0
168,0,0.0
168,1,1.0
168,3,1.0
169,0,1.0
169,2,1.6666666666666667
169,3,2.0
170,0,1.0
170,2,2.0
170,3,0.0
171,3,2.0
172,0,0.0
173,0,1.75
173,2,2.0
174,0,0.0
174,1,1.0
174,2,1.0
174,3,1.0
175,0,2.0
175,1,1.0
175,3,0.0
176,0,2.0
176,2,2.0
177,0,1.0
177,1,0.0
177,3,1.0
178,0,1.3333333333333333
178,2,2.0
178,3,2.0
179,0,2.0
179,1,1.0
179,3,1.5
180,0,0.0
180,3,0.0
181,1,1.0
181,3,1.5
182,0,1.0
182,1,1.0
182,2,1.0
182,3,0.0
183,1,2.0
183,2,2.0
184,3,2.0
185,3,1.0
186,0,2.0
186,1,0.0
187,1,2.0
187,2,2.0
187,3,2.0
188,0,2.0
188,1,1.0
188,2,2.0
188,3,2.0
189,0,2.0
189,2,2.0
189,3,2.0
190,2,1.75
190,3,2.0
191,1,0.0
191,2,2.0
192,2,0.5
192,3,0.6666666666666666
193,1,0.0
193,2,0.0
193,3,0.5
194,0,2.0
194,1,2.0
194,2,2.0
194,3,0.0
195,0,0.0
195,1,1.0
195,2,1.0
196,0,2.0
196,3,2.0
197,1,1.0
198,1,1.0
198,3,2.0
199,0,1.0
199,2,2.0
199,3,2.0
200,0,1.5
200,2,2.0
200,3,2.0
201,0,1.0
201,1,2.0
202,0,1.0
202,3,1.0
203,0,0.0
203,1,2.0
203,3,1.0
204,0,0.5
204,1,1.0
205,0,1.0
205,1,1.0
205,2,2.0
205,3,1.0
206,1,1.0
207,0,0.0
207,2,1.5
207,3,1.0
208,2,0.0
208,3,1.0
209,3,1.5
210,2,2.0
211,2,2.0
211,3,1.0
212,2,2.0
213,0,1.0
213,1,1.5
213,3,1.0
214,0,1.5
214,2,2.0
214,3,2.0
215,0,0.0
215,1,2.0
215,2,2.0
215,3,2.0
216,2,1.0
217,3,0.5
218,0,1.0
218,1,1.5
218,2,1.0
219,0,1.0
219,2,2.0
219,3,1.6666666666666667
220,0,1.0
220,1,1.6666666666666667
220,3,1.0
221,0,1.5
221,3,0.6666666666666666
222,0,0.0
222,3,1.6666666666666667
223,1,1.0
223,2,2.0
223,3,1.0
224,0,0.0
224,1,0.5
225,0,1.0
226,0,1.5
226,3,2.0
227,1,1.3333333333333333
228,0,1.0
228,1,1.0
229,2,2.0
230,0,2.0
230,1,1.0
230,3,1.0
231,0,2.0
231,2,2.0
231,3,0.0
232,0,2.0
232,1,0.0
232,2,2.0
232,3,2.0
233,0,0.75
233,1,1.0
234,0,0.0
234,1,1.0
234,2,1.5
235,0,1.0
235,1,1.0
236,3,1.6666666666666667
237,0,1.0
237,3,0.6666666666666666
238,0,1.0
238,2,2.0
238,3,2.0
239,0,1.0
239,1,0.0
240,0,1.0
241,1,2.0
241,2,1.0
241,3,2.0
242,1,0.5
242,3,1.5
243,1,1.0
243,3,0.5
244,1,1.0
244,2,2.0
244,3,2.0
245,1,1.3333333333333333
245,3,1.0
246,0,1.0
246,1,0.0
246,2,2.0
246,3,1.0
247,3,1.5
248,1,0.5
248,2,1.0
248,3,1.0
249,0,2.0
250,0,1.0
250,1,2.0
250,3,2.0
251,0,1.0
251,2,2.0
251,3,1.3333333333333333
252,0,0.0
252,1,1.0
252,3,2.0
253,2,2.0
253,3,2.0
254,0,0.5
254,2,2.0
254,3,2.0
255,0,0.0
255,2,2.0
255,3,2.0
256,0,1.5
256,1,1.0
257,2,1.0
257,3,2.0
258,0,0.0
258,1,1.0
258,2,1.0
259,0,1.0
259,2,2.0
259,3,2.0
260,0,2.0
260,1,1.0
260,2,2.0
260,3,2.0
261,0,0.0
261,1,1.0
261,2,1.0
262,3,0.6666666666666666
263,1,1.0
263,2,1.0
263,3,2.0
264,0,0.0
264,3,1.0
265,0,0.0
266,1,1.0
266,2,0.0
266,3,2.0
267,1,1.0
267,2,2.0
268,0,1.0
268,1,2.0
268,2,1.6666666666666667
269,0,1.0
269,1,1.0
269,2,2.0
269,3,2.0
270,1,1.0
270,2,2.0
270,3,2.0
271,0,2.0
271,1,2.0
272,2,2.0
272,3,2.0
273,0,0.0
273,2,1.0
273,3,1.0
274,0,1.0
274,2,2.0
275,0,0.0
275,1,1.0
276,0,1.0
276,1,0.0
277,0,0.5
277,1,1.0
277,3,2.0
278,3,2.0
279,0,1.0
279,2,2.0
279,3,2.0
280,0,1.0
280,2,2.0
281,0,0.0
281,2,1.0
282,0,1.0
282,2,1.5
283,1,1.0
283,2,1.6666666666666667
284,0,1.0
284,1,1.0
284,2,2.0
284,3,1.0
285,0,1.0
285,1,1.0
285,2,1.5
285,3,2.0
286,0,1.0
286,1,1.0
286,2,1.0
286,3,2.0
287,0,0.0
287,3,1.0
288,1,1.0
288,3,2.0
289,2,1.5
290,0,0.0
290,1,1.0
290,3,1.0
291,0,0.3333333333333333
291,3,1.0
292,0,2.0
292,3,1.0
293,0,0.0
293,2,2.0
293,3,1.0
294,1,2.0
294,2,1.0
295,0,0.3333333333333333
295,1,2.0
296,2,1.0
297,0,2.0
297,1,1.0
297,2,1.0
297,3,2.0
298,0,1.0
298,2,1.0
298,3,1.0
299,1,1.0
299,2,2.0
299,3,1.0
300,0,1.5
300,1,2.0
300,2,1.0
300,3,1.0
301,0,1.5
301,1,2.0
301,2,2.0
302,0,2.0
302,2,2.0
303,0,1.0
303,1,1.0
303,2,2.0
304,0,1.0
304,2,2.0
304,3,1.0
305,0,1.5
305,2,1.5
306,0,1.0
306,1,2.0
306,2,1.0
306,3,2.0
307,0,1.0
307,1,1.0
307,2,2.0
307,3,2.0
308,0,0.0
308,1,0.5
309,2,2.0
309,3,1.6666666666666667
310,1,0.0
310,3,1.0
311,0,1.0
311,1,1.5
312,0,1.0
312,2,2.0
312,3,2.0
313,0,0.0
313,1,2.0
313,2,2.0
314,0,1.5
314,1,1.5
315,1,1.0
315,2,1.0
315,3,1.0
316,1,2.0
316,3,1.5
317,0,1.0
317,1,1.0
317,2,1.0
318,0,1.0
318,2,2.0
319,1,2.0
319,3,1.0
320,0,2.0
320,2,2.0
320,3,1.5
321,1,2.0
321,2,2.0
321,3,1.5
322,1,2.0
322,2,2.0
322,3,0.0
323,3,2.0
324,0,1.0
324,1,1.0
324,2,2.0
325,0,0.0
326,2,2.0
326,3,2.0
327,0,1.5
327,2,2.0
327,3,2.0
328,0,0.5
328,3,2.0
329,2,2.0
329,3,2.0
330,0,1.0
330,2,1.0
330,3,0.0
331,0,0.0
331,2,1.0
331,3,2.0
332,1,1.0
332,2,2.0
332,3,2.0
333,0,1.0
333,1,1.0
333,3,2.0
334,1,1.0
334,2,2.0
334,3,2.0
335,1,1.3333333333333333
335,2,0.0
335,3,1.0
336,0,0.0
336,1,1.0
336,2,2.0
336,3,1.0
337,0,1.0
337,1,2.0
337,2,2.0
337,3,2.0
338,3,1.0
339,1,0.0
339,2,1.0
339,3,0.5
340,0,1.0
340,1,1.5
340,2,2.0
341,0,0.0
341,1,1.0
341,2,2.0
341,3,2.0
342,0,1.3333333333333333
342,3,1.0
343,0,1.0
343,1,2.0
344,0,2.0
344,1,1.0
344,2,1.0
344,3,1.0
345,0,1.6666666666666667
345,2,2.0
345,3,2.0
346,0,2.0
346,1,1.0
346,2,2.0
346,3,2.0
347,0,2.0
347,1,1.0
348,0,2.0
348,1,1.0
348,2,1.3333333333333333
349,2,2.0
349,3,2.0
350,0,1.0
350,2,2.0
351,0,1.0
351,1,1.5
351,3,2.0
352,2,1.6666666666666667
352,3,1.0
353,0,1.5
353,1,1.0
353,3,2.0
354,0,0.0
354,2,2.0
355,0,2.0
355,1,2.0
356,0,1.0
356,1,1.0
356,3,1.0
357,1,1.5
358,0,2.0
358,1,0.0
358,2,2.0
358,3,2.0
359,1,2.0
359,2,2.0
359,3,2.0
360,2,2.0
360,3,1.6666666666666667
361,0,1.0
361,3,2.0
362,0,1.3333333333333333
362,2,0.0
364,0,0.5
364,1,1.0
364,2,2.0
365,0,1.0
366,0,0.0
366,1,1.0
366,3,0.0
367,0,2.0
367,3,0.75
368,2,1.0
369,1,1.0
369,2,2.0
370,0,0.0
370,2,2.0
370,3,2.0
371,1,1.5
371,3,2.0
372,0,1.0
372,2,2.0
372,3,2.0
373,1,1.0
373,2,1.5
374,0,0.0
374,1,1.0
374,2,1.5
374,3,2.0
375,0,1.5
375,3,0.3333333333333333
376,1,1.0
376,2,1.3333333333333333
376,3,1.0
377,1,1.0
377,2,1.0
378,0,2.0
378,1,1.3333333333333333
378,2,2.0
379,1,1.0
379,2,1.0
379,3,1.0
380,0,2.0
380,1,1.0
380,2,2.0
381,0,0.5
382,0,1.0
382,1,1.3333333333333333
382,2,2.0
383,2,2.0
384,0,2.0
384,2,2.0
384,3,0.0
385,0,1.3333333333333333
385,1,2.0
386,0,2.0
386,2,1.5
386,3,0.0
387,0,1.0
387,2,2.0
387,3,1.0
388,2,1.0
388,3,0.5
389,0,1.0
389,2,2.0
389,3,1.0
390,2,2.0
390,3,1.0
391,0,1.75
391,2,0.0
392,0,2.0
392,2,2.0
392,3,2.0
393,0,1.6666666666666667
394,0,0.0
394,1,0.0
395,0,1.3333333333333333
395,1,1.0
396,2,2.0
396,3,1.5
397,0,2.0
397,1,1.5
398,0,1.0
398,3,2.0
399,2,0.8
400,0,2.0
400,2,2.0
400,3,1.5
401,0,1.0
401,3,1.5
402,1,1.0
402,2,2.0
402,3,2.0
403,1,1.0
403,2,1.0
404,0,1.0
404,1,1.0
404,2,2.0
405,2,2.0
405,3,1.0
406,0,1.0
406,1,1.0
406,2,2.0
407,3,2.0
408,0,1.5
408,1,1.0
409,1,1.5
410,1,1.0
410,2,1.5
410,3,1.0
411,2,2.0
411,3,0.5
412,0,1.0
412,1,2.0
412,3,0.0
413,0,1.0
413,3,2.0
414,1,1.0
414,2,2.0
414,3,2.0
415,0,2.0
415,1,1.0
415,3,2.0
416,2,2.0
416,3,1.0
417,1,1.0
418,2,1.0
418,3,1.0
419,0,1.0
420,0,1.0
421,0,1.3333333333333333
421,1,1.0
422,0,0.5
422,1,0.0
422,3,1.0
423,0,1.0
423,1,2.0
423,3,1.0
424,0,1.0
424,1,1.0
425,0,1.0
425,2,2.0
425,3,2.0
426,3,1.0
427,3,1.0
428,0,2.0
428,1,0.0
428,2,0.5
429,1,1.0
429,2,1.6666666666666667
429,3,1.0
430,1,1.0
430,3,1.0
431,1,2.0
431,3,1.6666666666666667
432,2,2.0
432,3,1.3333333333333333
433,1,0.0
433,2,2.0
433,3,1.0
434,0,1.0
434,1,1.0
435,0,1.0
435,1,2.0
435,2,1.0
435,3,1.0
436,0,1.0
436,1,1.0
437,1,1.0
437,2,2.0
438,0,1.0
438,1,1.0
438,2,2.0
439,0,1.0
439,1,2.0
439,3,1.0
440,0,1.0
440,1,2.0
440,3,1.0
441,0,1.0
441,1,1.0
441,3,1.0
442,0,1.5
442,1,2.0
442,2,2.0
443,1,1.0
443,2,1.0
443,3,1.0
444,0,1.5
444,3,1.0
445,2,1.5
445,3,1.3333333333333333
446,0,1.0
446,1,1.0
446,2,2.0
447,0,1.5
447,3,0.5
448,0,2.0
448,1,2.0
448,3,2.0
449,0,1.0
449,1,1.0
450,0,0.5
450,1,2.0
450,2,2.0
451,0,0.0
451,1,1.0
451,2,2.0
451,3,1.5
452,0,1.0
452,3,1.75
453,0,1.0
453,1,1.0
453,2,2.0
453,3,2.0
454,1,2.0
454,2,2.0
454,3,1.3333333333333333
455,0,1.0
455,2,1.0
455,3,0.0
456,1,1.0
456,2,1.0
457,0,2.0
457,1,2.0
457,2,1.0
457,3,2.0
458,1,1.0
458,2,2.0
459,2,2.0
459,3,0.5
460,1,1.0
461,0,0.0
461,1,1.0
461,2,2.0
461,3,0.5
462,0,2.0
462,2,2.0
462,3,1.8333333333333333
463,0,1.0
463,3,2.0
464,2,2.0
465,0,2.0
465,1,2.0
465,3,2.0
466,0,1.3333333333333333
466,2,0.5
467,0,2.0
467,1,1.3333333333333333
468,0,0.6666666666666666
468,1,1.0
469,0,1.0
469,1,2.0
469,2,2.0
469,3,2.0
470,1,2.0
470,2,2.0
470,3,1.0
471,0,1.0
471,1,0.0
471,3,2.0
472,0,2.0
472,1,0.5
472,3,0.0
473,0,0.5
473,2,2.0
473,3,2.0
474,0,0.0
474,3,1.5
475,0,0.5
475,1,1.0
475,2,0.0
476,0,1.5
476,2,2.0
476,3,1.0
477,0,2.0
477,3,2.0
478,0,1.5
478,2,1.5
479,0,1.5
479,2,1.0
479,3,2.0
480,0,0.0
480,1,1.0
481,1,1.0
481,2,1.0
482,0,1.0
482,1,0.0
482,3,1.0
483,2,2.0
484,3,1.0
485,1,2.0
485,3,2.0
486,1,2.0
486,2,2.0
486,3,2.0
487,0,1.0
487,2,1.0
487,3,2.0
488,1,2.0
488,2,2.0
488,3,2.0
489,0,0.0
489,1,2.0
489,2,1.0
489,3,1.0
490,0,0.0
490,1,1.0
490,2,2.0
490,3,1.0
491,0,1.0
491,1,1.5
492,1,2.0
492,3,0.5
493,0,0.6666666666666666
493,3,0.5
494,0,2.0
494,1,2.0
494,2,2.0
494,3,1.0
495,1,1.0
495,3,0.0
496,0,2.0
496,2,2.0
496,3,2.0
497,2,1.4
498,1,1.0
498,2,2.0
499,0,1.5
500,0,1.0
500,1,2.0
500,2,1.0
500,3,1.0
501,2,1.5
501,3,1.0
502,0,2.0
502,1,0.0
502,3,0.0
503,0,1.5
503,3,2.0
504,2,2.0
504,3,1.6666666666666667
505,1,1.0
505,2,1.3333333333333333
505,3,1.0
506,0,2.0
506,1,1.0
506,2,1.5
506,3,1.0
507,1,1.0
507,2,2.0
507,3,2.0
508,3,1.6666666666666667
509,0,2.0
509,1,1.0
509,2,2.0
509,3,2.0
510,0,1.25
511,1,0.5
511,2,0.5
512,0,1.0
512,1,1.0
513,0,1.0
513,2,1.5
513,3,0.0
514,2,0.0
514,3,1.5
515,0,0.0
515,1,1.5
515,2,2.0
516,0,2.0
516,1,1.0
516,2,2.0
517,2,1.5
517,3,0.3333333333333333
518,0,1.0
518,2,2.0
518,3,2.0
519,0,2.0
519,1,1.0
520,0,2.0
520,2,2.0
520,3,1.5
521,2,1.5
521,3,0.3333333333333333
522,0,1.0
522,2,2.0
522,3,2.0
523,1,2.0
523,2,0.0
523,3,1.0
524,0,1.0
524,3,2.0
525,1,1.0
526,0,2.0
526,1,1.0
526,2,2.0
527,0,1.0
527,1,0.5
527,2,2.0
528,0,2.0
528,1,2.0
528,3,2.0
529,2,2.0
529,3,2.0
530,0,1.0
530,2,0.5
530,3,1.0
531,0,0.0
531,1,1.0
531,3,0.0
532,0,0.0
532,1,1.0
532,2,1.0
532,3,1.0
534,0,1.0
534,1,2.0
534,2,0.0
535,0,1.5
535,3,0.0
536,0,2.0
536,1,0.5
536,2,0.0
537,0,1.0
537,1,1.0
537,2,1.0
538,0,1.0
538,1,1.0
539,2,2.0
539,3,1.5
540,3,1.75
541,1,2.0
541,2,0.6666666666666666
541,3,1.0
542,1,0.6666666666666666
542,2,1.0
543,1,1.0
543,2,2.0
543,3,1.0
544,0,2.0
544,1,2.0
544,3,2.0
545,0,2.0
545,1,1.0
546,0,1.0
547,0,1.0
547,1,2.0
547,3,1.0
548,0,1.0
549,0,1.0
550,0,0.5
550,2,2.0
550,3,0.0
551,0,1.0
551,3,1.6666666666666667
552,1,1.0
552,2,1.0
552,3,0.0
553,0,1.0
553,1,1.0
554,1,1.0
554,3,1.0
555,0,0.0
555,2,1.0
555,3,0.5
556,0,1.0
557,0,1.0
557,1,1.0
557,2,2.0
558,0,1.0
558,1,1.0
558,2,1.0
558,3,1.0
559,0,2.0
559,1,1.0
559,3,1.3333333333333333
560,0,1.0
561,0,1.5
561,3,1.5
562,0,2.0
562,1,1.0
562,3,2.0
563,0,2.0
563,1,2.0
563,2,1.0
564,0,2.0
564,1,2.0
564,2,2.0
565,0,0.0
565,2,0.0
565,3,0.0
566,0,1.0
566,2,2.0
566,3,1.5
567,1,1.5
568,1,1.5
568,3,2.0
569,1,1.0
569,2,0.5
570,2,2.0
571,0,0.0
571,1,1.0
571,2,2.0
572,0,1.0
572,1,1.0
572,2,2.0
572,3,1.5
573,1,1.0
573,2,1.0
574,0,1.0
574,1,1.0
575,0,0.75
575,3,0.0
576,0,0.0
576,2,1.3333333333333333
577,0,1.0
577,1,1.0
577,3,1.0
578,0,1.0
578,3,1.0
579,0,1.0
579,1,1.0
579,2,2.0
580,2,1.0
580,3,0.0
581,0,0.5
581,1,1.0
581,2,2.0
581,3,1.0
582,2,2.0
583,3,1.0
585,3,2.0
586,0,1.0
586,1,0.0
586,2,2.0
586,3,1.0
587,0,1.0
587,1,1.0
587,2,1.0
587,3,1.0
588,0,1.0
588,1,1.5
589,0,2.0
589,2,2.0
590,0,1.3333333333333333
590,3,1.0
591,0,2.0
591,2,2.0
592,0,0.6666666666666666
592,1,1.0
593,1,1.0
593,2,2.0
594,0,2.0
594,1,2.0
594,3,0.5
595,2,2.0
596,0,2.0
596,1,1.0
596,2,2.0
596,3,1.0
597,0,1.0
597,3,1.0
598,1,1.5
598,2,2.0
598,3,1.5
599,1,1.3333333333333333
599,2,2.0
599,3,1.0
600,1,2.0
600,2,1.5
600,3,1.0
601,2,2.0
601,3,1.0
602,1,1.0
602,2,2.0
603,0,1.0
603,1,1.0
604,1,1.5
604,2,2.0
604,3,2.0
605,0,1.0
605,1,1.0
605,2,1.0
606,0,2.0
606,1,0.0
606,2,1.0
606,3,0.0
607,1,1.0
607,2,1.0
607,3,1.0
608,0,1.0
608,3,1.5
609,0,0.0
609,2,1.0
609,3,1.0
610,0,1.0
610,3,2.0
611,0,2.0
611,1,2.0
611,3,2.0
612,1,1.5
613,1,1.0
613,2,2.0
613,3,2.0
614,1,2.0
614,2,2.0
614,3,2.0
615,0,0.0
615,2,2.0
615,3,2.0
616,0,2.0
616,2,2.0
616,3,2.0
617,0,2.0
617,2,1.5
617,3,1.0
618,0,2.0
618,3,0.5
619,0,1.0
619,3,1.5
620,1,1.0
620,2,2.0
620,3,2.0
621,0,1.0
621,1,1.5
621,2,2.0
622,2,1.5
622,3,1.3333333333333333
623,0,1.0
623,1,1.0
623,2,2.0
623,3,1.0
624,0,2.0
624,1,1.0
624,2,1.5
625,1,1.0
625,3,2.0
626,0,1.3333333333333333
626,3,1.0
627,0,0.5
627,2,1.0
627,3,0.0
628,0,0.0
628,1,1.0
628,3,2.0
629,0,0.0
629,1,0.5
630,0,1.0
630,1,1.5
631,0,0.0
631,3,2.0
632,0,0.0
632,2,1.0
632,3,0.0
633,2,1.0
633,3,2.0
634,1,1.0
635,0,1.0
635,1,1.0
636,0,2.0
636,1,1.5
637,0,2.0
637,2,2.0
637,3,2.0
638,0,1.0
638,1,2.0
638,3,1.5
639,0,1.0
639,1,1.0
639,2,2.0
639,3,1.0
640,0,0.0
640,2,2.0
640,3,1.0
641,1,1.0
641,2,2.0
641,3,1.6666666666666667
642,0,1.0
642,1,0.0
642,3,2.0
643,0,1.5
643,2,1.0
643,3,1.0
644,0,2.0
644,1,2.0
644,2,2.0
644,3,2.0
645,0,1.0
645,2,1.0
646,0,1.0
646,2,1.5
646,3,2.0
647,0,1.0
647,2,2.0
647,3,2.0
648,0,1.0
648,3,1.0
649,0,0.5
649,3,0.0
650,2,1.0
650,3,1.0
651,2,2.0
652,0,2.0
652,1,1.0
652,3,2.0
653,0,1.6666666666666667
654,0,1.0
654,2,1.0
655,0,2.0
655,3,2.0
656,0,1.0
656,1,2.0
657,0,2.0
657,2,2.0
657,3,1.6666666666666667
658,0,1.0
658,1,1.5
658,3,1.5
659,0,1.0
659,1,1.0
660,0,1.0
660,1,2.0
661,1,1.0
661,2,1.0
661,3,1.0
662,1,2.0
662,2,2.0
662,3,1.0
663,1,1.0
663,3,1.0
664,0,0.0
664,2,1.0
665,0,1.0
665,2,2.0
665,3,1.0
666,0,1.0
666,2,2.0
666,3,1.0
667,2,2.0
667,3,0.6666666666666666
668,0,1.5
668,2,2.0
669,1,2.0
670,0,1.0
670,1,1.0
671,0,1.5
671,1,1.0
671,2,2.0
672,1,1.0
672,2,1.0
674,0,2.0
674,3,1.0
675,0,0.0
675,3,0.5
676,0,2.0
676,1,2.0
676,2,2.0
677,0,1.0
677,1,1.0
677,2,1.0
678,0,1.0
678,1,2.0
678,3,0.5
679,0,0.0
679,1,1.0
680,0,1.0
680,2,0.0
680,3,2.0
681,0,1.0
681,3,0.3333333333333333
682,0,0.0
682,1,1.0
682,3,0.3333333333333333
683,1,1.3333333333333333
684,0,0.6666666666666666
684,1,1.0
684,3,0.0
685,0,1.0
685,1,1.0
685,2,2.0
685,3,1.0
686,0,1.0
686,1,0.0
686,2,1.0
686,3,1.0
687,0,0.0
687,3,0.6666666666666666
688,0,1.0
689,2,1.5
689,3,1.0
690,0,2.0
691,0,0.0
691,1,1.0
691,2,2.0
691,3,1.0
692,1,1.0
692,2,1.5
692,3,1.0
693,0,1.0
693,2,1.0
694,0,1.0
694,2,1.0
694,3,0.6666666666666666
695,1,0.0
695,2,0.5
695,3,1.5
696,0,1.0
696,1,1.0
696,2,0.5
697,0,1.0
697,1,1.0
697,3,1.0
698,0,1.0
698,1,1.0
698,3,2.0
699,0,2.0
699,1,0.5
699,2,1.5
700,0,0.5
700,1,1.0
700,2,2.0
700,3,1.0
701,0,2.0
701,2,0.0
701,3,1.3333333333333333
702,0,1.5
703,0,1.0
703,1,1.0
703,2,2.0
703,3,0.0
704,0,0.6666666666666666
704,1,1.0
705,0,1.0
705,2,1.0
705,3,1.3333333333333333
706,0,1.0
706,2,1.5
706,3,2.0
707,1,1.0
707,2,2.0
707,3,2.0
708,0,1.0
708,3,1.5
709,2,2.0
709,3,2.0
710,1,1.5
710,2,1.0
711,0,0.0
711,1,2.0
711,2,2.0
712,1,0.0
712,2,1.0
712,3,0.0
713,0,0.0
713,2,2.0
714,0,0.0
714,2,2.0
714,3,2.0
715,0,0.0
715,3,1.0
716,0,2.0
717,0,0.0
717,2,2.0
717,3,0.5
718,0,2.0
718,1,2.0
718,2,2.0
718,3,2.0
719,0,1.0
719,3,0.0
720,2,2.0
721,0,1.0
721,1,1.0
722,0,1.0
722,1,1.0
722,2,2.0
722,3,0.0
723,0,2.0
723,1,1.0
723,2,1.5
723,3,2.0
724,0,1.0
724,1,2.0
725,1,2.0
725,2,2.0
725,3,1.0
726,0,1.0
726,2,2.0
727,0,0.0
727,1,1.0
727,2,1.0
728,0,1.0
728,1,2.0
728,2,2.0
728,3,1.5
729,0,1.5
729,2,2.0
730,0,1.0
730,1,1.0
730,2,2.0
730,3,1.0
731,0,0.0
732,0,1.0
732,1,1.0
732,2,1.5
733,0,0.0
733,1,1.0
734,0,2.0
734,1,1.0
734,2,2.0
734,3,2.0
735,0,2.0
735,1,1.0
735,3,2.0
736,0,1.0
736,1,1.0
736,2,2.0
736,3,2.0
737,1,1.0
737,3,2.0
738,0,1.5
738,2,1.0
738,3,1.5
739,0,2.0
739,3,0.6666666666666666
740,0,2.0
740,2,2.0
740,3,2.0
742,2,2.0
742,3,1.5
743,0,1.0
743,1,0.0
743,3,1.0
744,0,1.0
744,1,2.0
745,0,1.0
745,1,0.5
745,2,2.0
746,0,0.0
746,1,1.0
746,3,2.0
747,0,1.0
748,0,0.0
748,2,2.0
748,3,1.0
749,3,1.5
750,0,2.0
750,1,1.0
750,3,0.0
751,0,0.0
751,1,1.0
751,2,0.0
751,3,0.0
752,0,0.0
752,2,2.0
752,3,2.0
753,2,2.0
753,3,1.0
754,1,2.0
754,3,2.0
755,1,1.0
756,0,1.5
756,1,1.0
756,2,1.0
757,0,1.0
757,3,0.0
758,0,2.0
758,1,1.0
758,2,2.0
758,3,2.0
759,0,0.0
759,3,0.0
760,0,2.0
760,1,2.0
760,2,2.0
761,0,1.0
761,3,2.0
762,0,1.5
762,1,1.0
763,0,2.0
763,2,1.3333333333333333
763,3,1.5
764,1,1.0
764,3,1.0
765,0,0.0
765,1,1.0
765,3,0.0
766,1,1.0
766,2,1.0
767,0,1.0
767,3,1.0
768,0,1.0
768,2,1.0
769,0,1.0
769,1,1.0
769,3,1.5
770,0,2.0
770,1,1.0
770,2,1.0
771,0,2.0
771,1,1.0
771,3,2.0
772,0,1.0
772,1,1.0
772,2,2.0
772,3,2.0
773,1,1.0
773,3,2.0
774,2,2.0
774,3,1.5
775,0,1.5
775,1,1.0
775,3,1.0
776,2,2.0
776,3,1.5
777,1,2.0
777,2,2.0
778,0,2.0
778,2,2.0
779,0,2.0
779,3,1.6666666666666667
780,0,1.0
780,1,2.0
781,0,1.5
781,1,2.0
781,2,1.0
781,3,1.0
782,0,1.0
782,1,1.0
782,2,2.0
783,2,1.75
783,3,2.0
784,0,2.0
784,1,1.5
784,3,1.0
785,0,0.0
785,1,2.0
785,2,2.0
786,0,0.0
786,1,1.0
786,2,2.0
786,3,1.0
787,0,1.0
787,1,1.0
787,2,1.3333333333333333
788,0,2.0
788,1,2.0
788,2,2.0
788,3,2.0
789,1,1.0
789,2,2.0
789,3,1.5
790,0,1.0
790,3,1.0
791,1,1.0
791,2,1.0
791,3,1.0
792,1,1.5
792,3,1.5
793,0,2.0
793,1,2.0
793,3,1.5
794,0,1.0
794,1,1.0
794,3,2.0
795,0,0.0
795,2,2.0
795,3,1.0
796,0,2.0
796,1,1.0
796,2,1.0
797,0,0.0
797,2,2.0
797,3,2.0
798,0,1.0
798,1,2.0
798,3,1.0
799,0,1.0
799,1,1.0
799,3,1.0
800,1,2.0
800,2,2.0
800,3,1.5
801,0,2.0
801,2,1.0
802,0,0.0
802,1,1.0
802,3,1.0
803,1,1.5
803,3,2.0
804,0,1.5
804,3,2.0
805,1,2.0
805,2,1.0
805,3,0.0
806,1,1.0
806,3,1.5
807,0,1.0
807,1,2.0
807,2,2.0
808,0,1.0
808,1,1.0
808,3,1.0
809,0,0.0
809,1,1.0
809,3,1.0
810,0,1.0
810,1,0.5
811,1,1.0
811,2,0.0
811,3,2.0
812,0,1.0
812,1,1.0
812,2,2.0
813,0,2.0
813,1,1.0
813,2,1.3333333333333333
814,0,0.0
814,1,1.0
814,2,2.0
815,1,1.5
815,2,2.0
816,0,1.0
816,3,1.0
817,0,1.0
817,1,1.0
818,1,2.0
819,0,1.0
819,1,2.0
819,2,2.0
820,0,0.6666666666666666
820,2,2.0
820,3,1.0
821,0,1.0
821,1,1.0
821,2,2.0
822,0,1.0
822,3,2.0
823,1,1.5
823,2,1.0
823,3,1.0
824,1,2.0
824,2,2.0
824,3,0.6666666666666666
825,0,1.0
825,1,1.0
825,3,1.0
826,0,1.3333333333333333
826,1,1.0
826,2,2.0
827,1,1.0
827,2,2.0
827,3,1.5
828,0,2.0
828,2,1.3333333333333333
829,0,0.5
829,1,2.0
829,2,2.0
829,3,2.0
830,0,0.0
830,1,1.0
830,2,0.6666666666666666
831,0,1.0
831,1,1.0
832,0,2.0
832,1,2.0
832,2,2.0
833,0,0.0
833,2,1.0
833,3,1.3333333333333333
834,1,1.0
834,2,2.0
834,3,1.6666666666666667
835,0,1.0
835,1,1.0
835,3,2.0
836,1,1.0
836,2,1.6666666666666667
836,3,2.0
837,1,1.0
837,2,1.0
837,3,1.0
838,1,1.0
838,2,2.0
839,0,2.0
839,2,1.0
839,3,2.0
840,2,2.0
840,3,1.0
841,0,2.0
841,2,2.0
841,3,1.3333333333333333
842,0,2.0
842,1,2.0
842,3,1.0
843,1,1.0
843,3,0.0
844,0,1.0
844,1,1.0
844,2,1.0
844,3,2.0
845,2,1.6666666666666667
845,3,2.0
846,0,2.0
846,2,0.5
846,3,0.0
847,3,1.0
848,0,1.5
849,1,1.0
850,2,2.0
851,0,1.0
851,3,1.0
852,0,0.0
852,1,1.0
852,2,2.0
852,3,1.0
853,2,1.75
854,0,1.0
855,0,1.0
855,2,2.0
856,0,0.0
856,2,0.0
856,3,1.3333333333333333
857,0,0.0
857,1,1.0
857,3,0.0
858,0,2.0
858,1,2.0
858,2,2.0
858,3,2.0
859,0,1.5
859,2,2.0
859,3,1.0
860,0,2.0
860,3,2.0
861,0,0.0
861,2,1.5
862,0,2.0
862,1,2.0
863,1,1.0
863,3,1.0
864,1,2.0
864,2,1.0
864,3,1.0
865,2,1.5
865,3,0.6666666666666666
866,0,0.0
866,2,2.0
866,3,2.0
867,0,0.5
867,1,1.0
867,2,2.0
868,0,1.6666666666666667
868,2,2.0
868,3,2.0
869,0,1.0
869,2,2.0
869,3,1.5
870,0,1.0
870,3,2.0
871,2,1.0
872,0,2.0
872,1,2.0
873,0,0.0
873,1,1.6666666666666667
873,3,1.0
874,0,1.0
875,0,2.0
875,3,1.0
876,0,1.5
877,2,0.0
877,3,1.0
878,0,1.0
878,3,1.0
879,1,1.0
879,2,2.0
879,3,2.0
880,0,1.5
880,2,2.0
881,0,1.0
881,1,2.0
881,2,2.0
882,1,0.5
882,2,1.0
883,0,0.0
883,1,1.0
883,2,1.0
883,3,1.5
884,0,0.5
884,3,1.0
885,1,1.0
885,2,2.0
886,0,2.0
886,1,0.3333333333333333
886,3,2.0
887,0,2.0
887,2,2.0
888,0,1.0
889,0,0.0
890,1,1.5
890,2,2.0
890,3,2.0
891,1,1.0
892,0,1.0
892,1,2.0
892,3,1.0
893,0,2.0
893,2,2.0
893,3,2.0
894,1,1.0
894,2,1.3333333333333333
894,3,0.0
895,0,0.0
895,1,1.0
896,0,0.0
896,2,2.0
896,3,2.0
897,2,2.0
898,0,2.0
898,1,2.0
898,2,2.0
898,3,2.0
899,0,2.0
899,2,2.0
899,3,2.0
900,1,1.0
900,2,2.0
901,1,1.0
901,2,1.0
901,3,1.0
902,1,1.0
902,2,1.0
903,0,0.0
903,2,2.0
903,3,1.0
904,1,1.0
904,2,1.0
905,0,0.0
905,1,1.0
905,3,1.0
906,2,2.0
906,3,1.6666666666666667
907,2,0.5
907,3,1.0
908,2,1.0
908,3,1.0
909,3,2.0
910,0,0.0
910,1,1.0
910,2,2.0
911,0,0.0
911,1,1.0
911,3,2.0
912,0,1.0
912,1,1.0
912,3,1.0
913,2,2.0
913,3,2.0
914,0,0.0
914,2,2.0
914,3,2.0
915,1,1.0
916,0,1.0
916,2,2.0
916,3,2.0
917,3,1.0
918,0,2.0
918,1,1.0
918,2,2.0
918,3,1.0
919,1,2.0
919,2,0.0
919,3,1.0
920,0,1.0
920,1,2.0
920,3,1.0
921,2,2.0
921,3,1.75
922,0,2.0
922,2,2.0
922,3,2.0
923,1,2.0
923,3,1.25
924,0,0.0
924,1,1.0
924,3,2.0
925,0,1.5
925,1,1.0
925,2,2.0
926,0,1.0
926,2,1.0
926,3,1.0
927,0,0.0
927,2,1.0
929,0,2.0
929,1,0.0
929,3,0.0
930,0,1.5
930,3,2.0
931,2,2.0
931,3,2.0
932,0,0.3333333333333333
932,2,1.5
933,0,1.0
933,1,1.0
933,3,2.0
934,3,1.6666666666666667
935,0,1.5
935,2,0.0
935,3,2.0
936,0,1.5
936,3,1.0
937,0,0.0
937,2,2.0
937,3,0.5
938,2,2.0
938,3,1.0
939,0,1.0
940,1,1.0
940,2,1.0
940,3,1.0
941,1,0.0
941,2,1.0
941,3,1.0
943,1,1.0
943,2,2.0
944,0,0.5
944,1,0.5
945,0,2.0
945,3,2.0
946,0,0.0
946,3,1.0
947,0,1.0
947,2,2.0
947,3,2.0
948,0,0.0
948,3,1.0
949,2,1.0
950,1,0.0
950,2,2.0
950,3,1.6666666666666667
951,0,1.0
952,0,2.0
952,1,1.0
952,3,2.0
953,0,1.0
953,1,1.5
954,0,1.0
954,2,2.0
954,3,2.0
955,0,1.0
955,2,2.0
956,0,1.0
956,3,2.0
957,1,1.5
958,1,1.0
958,2,1.0
958,3,1.0
960,0,0.0
960,2,1.0
960,3,0.5
961,0,1.0
961,1,1.0
961,2,2.0
961,3,2.0
962,0,2.0
962,3,1.0
963,1,2.0
963,2,2.0
963,3,2.0
964,0,1.0
964,2,1.0
964,3,2.0
965,1,2.0
965,2,0.0
965,3,1.0
966,0,1.0
966,1,1.0
966,3,1.5
967,0,1.0
967,3,1.0
968,0,0.0
968,3,0.0
969,0,0.0
969,1,2.0
969,2,1.0
969,3,2.0
970,0,1.0
970,1,1.0
970,3,1.0
971,1,1.0
971,3,1.5
972,1,1.0
972,2,2.0
972,3,2.0
973,2,2.0
973,3,2.0
974,1,1.5
974,3,1.0
975,0,1.0
975,1,2.0
975,2,2.0
976,2,2.0
976,3,1.5
977,0,1.0
977,1,1.0
977,2,2.0
978,0,1.0
978,1,2.0
979,1,1.5
980,1,1.0
980,2,2.0
980,3,1.0
981,0,2.0
981,1,1.0
981,2,0.0
983,3,2.0
984,0,0.0
984,1,0.0
984,3,2.0
985,0,1.0
985,1,1.0
985,3,2.0
986,0,2.0
986,1,2.0
987,0,0.0
987,2,1.5
987,3,1.0
988,0,0.0
988,1,1.0
988,2,1.0
988,3,1.0
989,1,1.0
989,2,2.0
990,0,2.0
991,1,1.0
991,2,2.0
992,0,0.6666666666666666
992,1,1.0
993,3,1.5
994,0,0.0
994,1,2.0
994,2,2.0
994,3,2.0
995,1,1.5
995,3,1.0
996,0,2.0
997,1,1.0
997,2,2.0
998,0,0.5
998,1,0.3333333333333333
999,0,0.0
999,2,2.0
999,3,1.5
1000,0,1.0
1000,2,1.0
1001,0,2.0
1001,2,2.0
1001,3,2.0
1002,0,1.0
1002,2,1.0
1002,3,1.0
1003,0,1.6666666666666667
1003,3,1.5
1004,0,0.0
1004,2,2.0
1004,3,1.0
1005,0,0.0
1005,2,0.0
1005,3,1.0
1006,2,1.0
1006,3,1.0
1007,1,1.5
1007,3,2.0
1008,1,2.0
1008,3,1.5
1009,0,0.5
1009,1,0.0
1010,0,1.5
1010,1,1.0
1011,0,2.0
1011,2,1.3333333333333333
1012,2,1.5
1012,3,0.0
1013,1,1.0
1013,2,2.0
1013,3,2.0
1014,0,0.0
1014,1,1.0
1014,2,1.0
1015,0,0.0
1015,1,1.0
1015,2,2.0
1015,3,1.0
1016,0,0.0
1016,1,1.0
1016,3,2.0
1017,0,1.0
1017,1,2.0
1018,0,0.0
1018,1,1.0
1018,3,0.0
1019,1,1.0
1019,2,2.0
1019,3,2.0
1020,1,1.5
1020,2,2.0
1021,0,1.0
1021,1,0.5
1021,3,1.0
1022,0,1.0
1022,2,2.0
1022,3,1.0
1023,3,1.5
1024,0,1.3333333333333333
1025,0,1.5
1025,1,2.0
1025,2,2.0
1025,3,2.0
1026,1,1.0
1026,2,2.0
1027,0,0.0
1027,1,0.0
1027,2,0.6666666666666666
1028,0,1.0
1028,1,1.0
1029,0,1.0
