0,530,1.0
1,430,1.0
1,440,1.0
1,520,2.0
2,120,2.0
2,310,1.0
2,350,2.0
3,210,2.0
3,330,1.0
3,410,1.0
4,110,0.0
4,430,2.0
5,540,2.0
6,110,0.0
6,330,1.0
6,350,1.0
6,530,2.0
7,210,2.0
7,240,1.0
7,420,1.0
7,530,2.0
8,110,0.0
8,150,0.0
8,240,0.0
8,340,1.0
9,110,0.0
9,130,1.0
9,330,1.0
9,440,1.0
10,110,1.0
10,120,0.0
10,240,1.0
10,530,2.0
11,110,0.0
11,120,2.0
11,330,1.0
11,420,1.0
12,110,0.0
12,310,2.0
12,330,1.0
12,450,2.0
12,550,2.0
13,340,0.5
13,540,1.0
14,530,0.0
14,540,1.0
15,110,1.0
15,340,0.0
15,410,2.0
15,510,1.0
15,530,0.0
16,130,1.0
16,140,1.0
17,220,0.0
17,340,2.0
17,440,1.0
17,450,2.0
18,220,0.0
18,230,2.0
18,420,2.0
18,450,2.0
18,540,2.0
19,110,1.0
19,220,2.0
19,250,1.0
19,420,2.0
19,510,2.0
20,230,2.0
20,310,2.0
20,450,2.0
20,550,2.0
21,140,0.0
22,150,0.0
22,330,1.0
22,420,2.0
22,440,2.0
22,520,2.0
23,110,0.0
23,420,0.5
23,550,2.0
24,110,0.0
24,120,0.0
24,410,0.0
25,150,2.0
25,240,0.0
25,420,1.0
25,450,2.0
25,540,2.0
26,140,0.0
26,220,1.0
26,430,2.0
26,520,2.0
27,130,0.0
27,210,0.0
27,220,0.0
27,540,2.0
27,550,2.0
28,110,0.0
28,350,0.0
28,440,2.0
28,520,1.0
29,410,0.0
29,430,1.0
29,540,0.0
30,110,0.0
30,310,1.0
30,350,1.0
30,420,2.0
31,110,1.0
31,410,2.0
31,430,1.0
32,130,1.0
32,240,1.0
32,420,1.0
32,550,2.0
33,110,1.0
33,210,1.0
33,220,2.0
33,450,2.0
34,110,0.0
34,140,0.0
34,150,0.0
35,140,2.0
35,210,1.0
35,230,1.5
35,410,0.0
36,450,2.0
36,530,0.0
37,110,0.0
37,330,1.0
37,410,2.0
37,540,2.0
38,330,1.0
38,350,1.0
38,420,1.0
39,240,0.0
39,440,1.5
39,450,0.0
40,240,2.0
40,320,2.0
40,440,0.0
40,510,1.0
40,550,1.0
41,440,1.0
42,310,0.0
42,550,2.0
43,110,1.0
43,230,1.0
43,330,2.0
43,540,2.0
43,550,2.0
44,340,0.0
44,440,2.0
44,550,0.0
45,140,2.0
46,130,2.0
46,320,1.0
46,420,2.0
46,510,0.0
47,320,0.0
47,440,2.0
48,120,0.0
48,340,2.0
48,530,1.0
49,120,1.0
49,150,1.0
49,510,2.0
49,540,2.0
50,340,1.0
50,450,2.0
50,520,2.0
51,110,0.0
51,210,0.0
51,550,0.0
52,130,1.0
52,140,2.0
52,250,0.0
52,440,1.0
52,540,0.0
53,130,0.0
53,220,0.0
53,320,0.0
53,520,1.0
54,110,0.0
54,130,1.0
54,310,1.0
54,340,1.0
54,540,2.0
55,110,0.0
55,230,1.0
55,240,0.0
55,430,1.0
56,330,2.0
56,420,0.0
56,440,2.0
56,510,0.0
57,550,1.5
58,110,0.0
58,430,1.0
58,450,1.0
58,540,2.0
59,140,0.0
59,420,2.0
60,540,2.0
61,120,1.0
61,210,1.0
61,430,2.0
61,510,0.0
62,220,0.0
62,440,1.5
63,220,2.0
63,430,2.0
64,330,0.0
64,340,1.0
64,510,2.0
65,110,1.0
65,210,1.0
66,120,0.0
66,140,0.0
66,410,2.0
67,110,0.0
67,120,0.0
67,240,0.0
67,420,2.0
67,450,0.0
68,430,2.0
68,540,1.0
68,550,2.0
69,140,0.0
69,330,1.0
69,440,2.0
70,340,0.0
70,510,0.0
71,110,1.0
71,340,1.0
71,350,1.0
71,550,1.0
72,110,0.5
73,110,0.5
73,340,1.0
74,550,1.0
75,120,0.0
75,220,1.0
75,330,1.0
76,150,0.0
76,330,1.0
76,350,2.0
76,450,1.0
76,510,2.0
77,110,0.0
77,310,1.0
77,340,1.0
77,540,2.0
78,110,0.0
78,510,1.0
79,210,0.0
79,320,0.0
79,430,1.0
79,440,2.0
80,110,0.0
80,130,0.0
80,320,2.0
80,550,2.0
81,110,1.0
81,340,1.0
81,410,1.0
81,450,2.0
82,110,0.0
82,140,2.0
82,350,0.0
82,550,2.0
83,130,1.0
83,240,1.0
83,430,2.0
83,520,2.0
84,210,0.0
84,340,0.5
84,450,0.0
84,510,2.0
85,130,0.0
85,220,0.0
85,430,1.0
85,510,1.0
86,110,0.5
86,130,1.0
86,150,1.0
86,530,2.0
87,230,2.0
87,420,0.0
87,510,0.0
87,540,0.0
88,110,1.0
88,410,2.0
88,510,2.0
88,540,2.0
89,110,1.0
89,140,2.0
89,250,2.0
89,520,2.0
89,550,2.0
90,230,2.0
90,430,2.0
90,450,1.0
90,550,1.0
91,140,0.0
91,210,0.0
91,340,2.0
91,550,2.0
92,110,0.0
92,130,1.0
92,210,0.0
92,330,1.0
92,510,2.0
93,110,1.0
93,240,0.0
93,540,2.0
93,550,2.0
94,110,1.0
94,440,1.0
94,520,2.0
94,550,2.0
95,110,1.0
96,140,2.0
96,330,0.0
96,420,2.0
96,540,2.0
97,130,1.0
97,310,1.0
97,430,1.0
97,440,2.0
98,110,1.0
98,320,2.0
98,510,2.0
99,340,0.0
99,350,1.0
99,430,2.0
99,520,1.0
99,550,2.0
100,110,0.0
100,220,1.0
100,230,1.0
100,420,2.0
100,510,2.0
101,130,1.0
101,140,1.0
101,420,2.0
101,530,2.0
102,130,1.0
102,140,1.0
103,110,0.0
103,130,0.0
103,310,1.0
103,550,2.0
104,110,0.0
104,210,0.0
104,350,0.0
104,550,1.0
105,340,0.0
105,350,0.0
105,510,1.0
106,250,1.0
106,440,1.0
106,510,2.0
106,530,2.0
107,110,0.0
107,140,0.0
107,250,1.0
107,350,2.0
108,330,1.0
108,410,0.0
108,550,1.5
109,110,1.5
109,440,1.0
109,550,1.0
110,140,0.0
110,320,2.0
110,530,2.0
111,410,0.5
111,440,2.0
111,520,1.0
112,330,1.0
112,440,1.0
113,110,0.0
113,130,0.0
113,440,2.0
113,530,2.0
114,110,0.5
114,150,2.0
114,550,2.0
115,120,0.0
115,330,0.0
115,420,1.5
116,110,0.0
116,120,0.0
116,320,1.0
116,340,2.0
116,430,2.0
117,120,1.0
118,110,0.0
118,130,0.0
118,150,0.0
118,430,1.0
119,110,1.0
119,530,2.0
119,550,0.0
120,120,1.0
120,450,0.0
120,550,2.0
121,340,0.0
121,440,2.0
122,110,1.0
122,210,1.0
122,240,2.0
122,410,1.0
123,230,2.0
123,240,1.0
123,430,2.0
124,140,1.0
124,310,0.0
124,430,0.0
124,520,2.0
124,550,2.0
125,240,0.0
125,340,2.0
125,440,1.0
126,210,0.0
126,540,2.0
126,550,1.5
127,110,1.0
127,140,1.5
127,310,1.0
127,540,1.0
128,420,1.0
128,430,2.0
128,530,2.0
129,110,0.0
129,450,0.0
129,540,1.0
129,550,0.0
130,130,0.0
130,230,0.0
131,450,2.0
132,110,0.0
132,240,1.0
132,310,2.0
132,340,2.0
132,420,2.0
133,340,1.0
133,350,0.5
133,550,2.0
134,130,2.0
134,230,1.0
134,450,2.0
135,110,0.5
135,330,1.0
135,440,2.0
136,330,2.0
136,420,1.0
136,540,2.0
137,110,1.0
137,510,1.5
137,550,2.0
138,210,0.5
138,320,0.0
138,430,2.0
138,550,0.0
139,110,0.0
139,120,2.0
139,350,2.0
140,310,1.0
140,420,1.0
140,550,1.5
141,110,0.0
141,210,1.0
141,340,2.0
141,410,2.0
141,450,2.0
142,110,0.0
142,250,0.0
143,150,0.0
143,450,2.0
143,520,2.0
143,550,0.0
144,440,1.0
144,540,0.5
145,140,0.0
145,220,0.0
145,310,0.0
145,450,0.0
146,130,2.0
146,410,2.0
146,440,2.0
147,320,1.0
147,340,2.0
147,430,1.0
147,440,1.0
147,550,2.0
148,110,0.0
148,310,0.0
148,440,2.0
148,550,1.0
149,130,0.0
149,230,2.0
149,320,2.0
149,410,1.0
149,550,2.0
150,110,0.0
150,220,0.0
150,510,1.0
150,540,2.0
151,210,1.0
151,350,2.0
151,520,2.0
152,110,1.0
152,130,0.0
152,340,2.0
152,450,2.0
153,150,2.0
153,310,1.0
153,340,0.0
153,510,2.0
153,520,1.0
154,330,2.0
154,440,2.0
155,110,1.0
155,130,0.0
155,210,1.0
156,130,1.0
156,510,1.0
157,240,1.0
157,340,1.0
157,450,2.0
157,520,2.0
158,110,1.0
158,330,2.0
158,510,2.0
158,530,2.0
159,320,1.0
159,420,1.0
159,430,2.0
160,320,1.0
160,430,2.0
160,550,0.0
161,140,1.0
161,410,1.0
161,420,0.5
162,110,0.5
162,320,1.0
162,340,2.0
162,410,2.0
163,120,0.0
163,230,1.0
163,350,1.0
163,440,2.0
164,150,0.0
164,330,2.0
164,420,1.0
164,510,2.0
164,550,1.0
165,350,1.0
165,420,0.0
165,550,0.0
166,340,1.0
166,540,1.0
167,230,0.0
167,340,1.0
167,520,1.0
167,550,1.0
168,220,0.5
168,230,0.5
168,240,1.0
169,140,1.0
169,210,1.0
169,340,1.0
169,450,2.0
169,520,2.0
170,110,0.0
170,330,0.0
170,550,2.0
171,240,2.0
172,120,0.0
172,210,0.0
173,150,0.5
173,330,2.0
174,120,0.0
174,320,0.5
174,520,1.0
174,540,2.0
175,250,1.0
175,320,2.0
175,550,0.0
176,110,1.0
176,230,1.0
176,340,1.0
176,550,2.0
177,110,0.0
177,320,1.0
177,440,0.0
177,530,2.0
178,110,1.0
178,140,1.0
178,440,2.0
178,530,2.0
179,110,1.0
179,140,0.0
179,440,2.0
179,550,2.0
180,310,0.0
180,340,0.0
180,420,0.0
181,150,1.0
181,310,1.0
181,430,2.0
182,110,0.0
182,550,0.3333333333333333
183,310,1.0
183,530,2.0
184,310,1.0
185,520,1.0
185,540,0.0
185,550,0.0
186,340,0.0
186,430,2.0
186,550,0.0
187,130,1.0
187,250,1.0
187,450,1.0
187,540,2.0
187,550,2.0
188,210,1.5
188,230,1.0
188,320,1.0
188,330,2.0
188,440,2.0
188,520,2.0
189,210,1.0
189,330,2.0
189,510,2.0
189,530,2.0
189,550,2.0
190,120,1.0
190,230,2.0
190,420,1.0
190,530,2.0
190,540,2.0
191,140,1.0
191,440,0.0
192,130,0.0
192,210,0.0
192,310,1.0
192,430,0.0
192,510,2.0
193,110,0.0
193,230,0.0
193,310,0.0
193,320,1.0
194,210,1.0
194,340,2.0
194,350,1.0
194,450,0.0
195,220,0.0
195,230,1.0
195,320,2.0
196,330,2.0
196,340,2.0
197,210,0.0
198,140,1.0
198,230,0.0
198,520,1.0
199,110,0.0
199,230,0.0
199,530,1.0
199,540,2.0
200,140,1.0
200,220,1.0
200,330,2.0
200,520,2.0
201,340,1.0
201,420,1.0
201,510,2.0
202,220,1.0
202,340,2.0
202,540,2.0
203,220,0.0
203,320,1.0
203,330,2.0
203,440,2.0
203,520,2.0
204,140,0.0
204,230,1.5
204,340,0.0
205,210,1.0
205,230,2.0
205,530,1.0
205,550,2.0
206,510,1.0
207,110,1.0
207,210,0.0
207,410,1.0
207,430,2.0
207,440,2.0
208,110,0.0
208,320,2.0
208,420,2.0
208,450,0.0
209,150,1.0
209,230,0.0
210,410,1.0
211,150,1.0
211,230,2.0
211,430,2.0
211,440,2.0
212,340,2.0
212,410,2.0
212,430,2.0
212,450,2.0
212,550,2.0
213,130,1.0
213,140,1.0
213,150,1.0
213,250,1.0
213,440,2.0
214,110,0.0
214,340,2.0
214,520,2.0
214,550,2.0
215,410,0.0
215,510,2.0
215,550,2.0
216,430,1.0
217,130,0.0
217,330,1.0
217,410,0.0
217,550,1.0
218,510,1.0
218,530,1.5
219,130,0.0
219,230,0.0
219,330,2.0
219,340,0.0
220,110,0.0
220,330,1.0
220,510,2.0
220,550,1.0
221,110,0.0
221,320,0.0
221,530,2.0
221,550,1.5
222,110,0.0
222,350,0.0
222,430,0.0
222,540,2.0
223,110,1.0
223,240,2.0
223,320,1.0
223,510,2.0
224,230,0.0
224,420,0.0
224,440,0.0
224,450,1.0
225,110,0.0
226,130,2.0
226,230,1.0
226,510,2.0
227,120,1.0
227,340,1.0
227,420,1.0
228,210,1.0
228,240,1.0
229,530,2.0
229,540,2.0
230,220,1.0
230,340,2.0
230,520,2.0
230,540,1.0
231,110,0.0
231,420,2.0
231,510,2.0
231,550,2.0
232,110,2.0
232,140,1.0
232,320,0.0
232,440,2.0
232,540,1.0
233,110,0.0
233,230,1.0
233,440,2.0
234,110,0.0
234,220,1.0
234,230,0.0
234,320,0.0
234,420,1.0
235,140,1.5
235,550,2.0
236,130,1.0
236,150,0.0
236,440,2.0
237,120,1.0
237,140,0.0
237,210,1.0
237,310,1.0
237,340,0.0
238,220,2.0
238,320,2.0
238,420,2.0
238,440,2.0
238,550,2.0
239,120,0.0
239,540,1.0
240,140,1.0
241,110,0.0
241,350,1.0
241,520,2.0
241,550,2.0
242,240,1.0
242,340,1.0
242,420,2.0
242,450,0.0
243,110,0.0
243,120,0.0
243,310,1.0
243,440,0.0
244,220,1.0
244,510,2.0
244,550,2.0
245,110,0.0
245,140,1.0
245,340,1.0
245,510,2.0
246,110,0.5
246,420,2.0
246,430,1.0
247,210,0.0
247,420,1.0
247,430,2.0
248,410,1.0
248,540,1.0
248,550,2.0
249,110,1.0
250,140,2.0
250,310,1.0
250,340,2.0
250,430,1.0
251,120,0.0
251,150,1.0
251,340,1.0
251,530,2.0
251,540,2.0
252,230,0.0
252,350,2.0
253,230,1.0
253,450,2.0
254,110,1.0
254,440,2.0
254,450,0.0
254,520,2.0
254,540,2.0
255,110,1.0
255,120,1.0
255,410,1.0
255,440,1.0
255,540,2.0
256,140,1.0
256,330,1.0
256,450,2.0
257,440,0.0
257,450,0.0
257,510,1.0
257,550,1.0
258,110,0.0
258,350,0.0
258,410,1.0
258,450,0.0
259,440,1.0
259,520,2.0
259,530,1.0
260,350,1.0
260,420,2.0
260,430,2.0
260,450,2.0
260,510,2.0
261,110,1.0
261,340,1.0
261,530,2.0
262,440,1.0
262,540,0.0
262,550,0.0
263,430,2.0
263,440,0.0
263,450,1.0
263,520,2.0
264,230,1.0
264,430,0.0
264,540,1.0
265,550,0.0
266,110,0.0
266,150,0.0
266,410,0.0
266,550,2.0
267,110,0.0
267,130,0.0
267,440,1.0
267,530,1.0
268,130,0.0
268,320,0.0
268,450,0.0
268,540,2.0
268,550,1.0
269,110,0.0
269,210,0.0
269,430,0.5
269,440,2.0
270,110,0.0
270,220,1.0
270,340,2.0
270,430,2.0
271,110,1.0
271,440,2.0
271,520,2.0
272,130,1.0
272,330,2.0
272,410,2.0
272,420,0.0
272,520,1.0
273,130,0.0
273,510,0.0
273,550,1.0
274,110,1.0
274,330,2.0
274,420,2.0
274,450,2.0
275,230,0.0
275,440,2.0
275,550,1.0
276,110,0.0
276,540,2.0
277,240,1.0
277,330,1.0
277,420,2.0
277,450,1.0
277,530,2.0
278,230,2.0
278,330,1.0
278,430,1.0
279,330,2.0
279,450,2.0
279,550,2.0
280,110,0.0
280,310,2.0
280,450,2.0
280,510,1.0
281,110,0.0
281,550,0.0
282,110,1.0
282,230,2.0
282,450,2.0
282,540,2.0
283,110,1.0
283,310,1.0
283,410,2.0
283,540,2.0
283,550,2.0
284,110,0.0
284,130,0.0
284,210,0.0
284,440,2.0
285,110,0.0
285,330,1.0
285,350,2.0
285,510,2.0
285,550,2.0
286,130,1.0
286,210,1.0
286,330,2.0
286,430,1.0
286,440,1.0
287,110,0.0
287,230,1.0
287,340,1.0
288,210,1.0
288,440,2.0
288,520,2.0
289,320,0.0
289,440,1.0
289,550,1.3333333333333333
290,210,0.0
290,220,0.0
290,320,1.0
291,310,0.0
291,320,2.0
291,530,2.0
291,550,2.0
292,430,2.0
292,450,2.0
292,550,2.0
293,130,1.0
293,140,0.0
293,510,2.0
293,540,2.0
294,510,2.0
294,540,1.0
295,330,2.0
295,430,1.0
295,540,2.0
296,410,1.0
296,510,1.0
297,250,1.0
297,330,2.0
297,420,2.0
297,430,1.0
298,130,2.0
298,330,2.0
298,440,1.0
298,540,2.0
299,220,1.0
299,340,1.0
299,420,1.0
299,430,2.0
299,440,2.0
300,110,0.0
300,130,2.0
300,210,1.0
300,320,2.0
300,410,2.0
300,440,2.0
300,450,0.0
301,110,2.0
301,150,2.0
301,320,2.0
301,550,2.0
302,110,2.0
302,510,2.0
302,550,2.0
303,110,0.0
303,340,2.0
303,440,2.0
304,320,0.0
304,330,1.0
304,410,0.0
304,440,2.0
304,510,2.0
305,110,0.0
305,130,0.0
305,230,0.0
305,550,0.0
306,110,0.0
306,530,1.0
306,550,2.0
307,240,1.0
307,330,2.0
307,410,2.0
307,430,2.0
307,550,2.0
308,120,0.0
308,130,0.0
308,320,1.0
309,110,0.0
309,340,2.0
309,420,2.0
309,520,2.0
309,540,1.0
310,310,0.0
310,440,0.0
310,510,0.0
310,550,2.0
311,140,2.0
311,530,2.0
311,550,0.0
312,340,1.0
312,420,2.0
312,430,1.0
312,440,1.0
313,130,1.0
313,210,1.0
313,240,2.0
313,530,2.0
313,540,1.0
314,430,2.0
314,440,1.0
314,550,2.0
315,240,1.0
315,450,1.0
315,550,1.5
316,220,1.0
316,330,1.0
316,550,1.0
317,110,1.0
317,120,1.0
317,210,1.0
317,230,2.0
318,110,0.0
318,310,2.0
318,350,1.0
318,510,2.0
318,550,2.0
319,440,2.0
320,110,0.0
320,220,1.0
320,330,2.0
320,420,2.0
320,440,2.0
321,110,1.0
321,340,2.0
321,420,2.0
321,440,1.0
322,120,2.0
322,240,0.0
322,550,2.0
323,340,2.0
324,340,1.0
324,410,1.0
324,450,0.0
324,530,1.0
325,150,0.0
326,110,1.0
326,340,1.0
326,420,2.0
326,440,2.0
327,210,1.0
327,230,0.0
327,430,1.0
327,540,2.0
328,130,2.0
328,530,2.0
328,550,2.0
329,350,2.0
329,530,2.0
329,540,2.0
329,550,1.0
330,120,1.0
330,130,0.0
330,340,2.0
330,550,0.0
331,120,0.0
331,440,1.0
331,510,2.0
332,150,2.0
332,320,2.0
332,340,2.0
332,430,2.0
333,110,0.0
333,150,0.0
333,310,1.0
333,430,0.0
333,540,1.0
334,130,0.0
334,150,0.0
334,350,1.0
334,410,2.0
335,110,0.5
335,130,0.0
335,310,2.0
335,330,2.0
336,120,0.0
336,130,0.0
336,150,0.0
336,220,1.0
336,240,1.0
337,110,1.0
337,440,2.0
337,510,2.0
337,530,2.0
337,540,2.0
338,130,1.0
338,220,2.0
338,230,2.0
339,110,0.0
339,130,1.0
339,420,0.0
339,430,1.0
340,310,1.0
340,440,2.0
340,520,2.0
340,550,0.0
341,120,0.0
341,210,2.0
341,230,1.0
341,250,0.0
342,110,1.0
342,340,1.0
342,430,1.0
342,440,2.0
342,450,1.0
343,330,1.0
343,410,2.0
343,510,2.0
343,530,2.0
344,110,1.0
344,130,1.0
344,350,1.0
344,510,1.0
344,550,2.0
345,130,0.0
345,210,1.0
345,340,0.0
345,420,1.0
345,450,2.0
346,210,1.0
346,220,1.0
346,330,1.0
346,440,1.0
346,550,2.0
347,110,0.0
347,230,0.0
347,330,1.0
347,550,2.0
348,110,0.0
348,130,0.0
348,540,2.0
348,550,1.5
349,110,1.0
349,210,1.0
349,340,1.0
349,520,2.0
349,550,2.0
350,110,0.0
350,450,1.0
351,110,1.0
351,130,1.0
351,140,1.0
351,530,2.0
352,110,0.0
352,120,0.0
352,320,2.0
352,330,1.5
353,130,1.0
353,440,2.0
353,510,2.0
353,550,2.0
354,110,0.0
354,230,2.0
354,350,2.0
355,230,2.0
355,440,2.0
356,210,0.0
356,330,1.0
356,420,2.0
356,430,0.0
357,210,1.0
357,340,1.0
358,510,1.3333333333333333
358,550,2.0
359,110,1.0
359,530,2.0
359,540,2.0
359,550,2.0
360,110,1.0
360,250,1.0
360,330,2.0
360,510,2.0
360,530,2.0
361,230,1.0
361,440,2.0
361,550,2.0
362,110,0.0
362,410,2.0
362,550,1.0
363,120,0.0
363,150,0.0
364,110,0.0
364,120,0.0
364,320,2.0
364,340,1.0
364,420,1.0
365,440,1.0
366,110,0.5
366,340,0.0
366,350,1.0
366,440,2.0
367,210,0.0
367,220,1.0
367,510,2.0
367,540,1.0
367,550,0.0
368,550,0.0
369,130,0.0
369,550,2.0
370,310,0.0
370,340,2.0
370,420,2.0
371,120,2.0
371,310,2.0
371,330,2.0
372,150,2.0
372,320,1.0
372,330,2.0
372,350,2.0
372,550,1.0
373,110,1.0
373,140,2.0
373,210,1.0
373,410,1.0
374,240,1.0
374,320,1.0
374,420,1.0
374,440,2.0
374,520,2.0
375,130,1.0
375,220,1.0
375,340,1.0
375,430,2.0
375,520,0.0
376,110,1.0
376,130,1.0
376,310,1.0
376,450,1.0
376,510,2.0
377,330,2.0
377,420,2.0
377,430,2.0
378,250,1.0
378,420,1.0
378,430,1.0
378,550,2.0
379,110,0.0
379,120,1.0
379,130,1.0
379,420,2.0
379,440,2.0
380,240,1.0
380,420,2.0
380,430,1.0
381,110,0.0
381,210,1.0
381,310,1.0
382,210,1.0
382,320,1.0
382,420,2.0
382,430,2.0
382,440,2.0
383,340,0.0
383,410,2.0
384,540,2.0
384,550,0.6666666666666666
385,130,0.0
385,350,2.0
385,510,2.0
385,550,2.0
386,110,0.0
386,220,2.0
386,230,1.0
386,510,0.0
386,520,2.0
387,330,0.6666666666666666
388,150,0.0
388,220,1.0
388,330,0.0
389,110,0.0
389,450,2.0
389,550,1.0
390,220,1.0
390,310,1.0
390,350,1.0
390,430,0.0
390,540,2.0
391,210,0.0
391,440,1.0
391,450,2.0
391,520,2.0
391,550,2.0
392,150,2.0
392,230,2.0
392,310,2.0
392,530,2.0
393,230,2.0
393,240,2.0
393,340,2.0
393,430,2.0
394,150,0.0
394,210,0.0
395,140,1.0
395,220,1.0
395,240,1.0
395,350,0.0
396,110,0.0
396,430,1.0
396,440,1.0
396,550,2.0
397,230,1.0
397,450,1.0
397,550,2.0
398,330,2.0
398,340,2.0
398,410,2.0
399,150,0.0
399,230,2.0
399,410,1.0
399,550,0.5
400,110,0.0
400,140,0.0
400,250,2.0
400,450,1.0
401,140,1.0
401,150,1.0
401,340,1.0
401,430,2.0
402,120,0.0
402,210,1.0
402,520,2.0
402,550,2.0
403,110,1.0
403,120,1.0
403,130,0.0
403,240,2.0
403,410,2.0
404,150,0.0
404,220,1.0
404,240,1.0
404,440,1.0
404,520,2.0
405,330,1.0
405,440,2.0
406,120,1.0
406,140,2.0
406,330,1.0
406,440,2.0
407,510,2.0
408,210,1.0
408,350,2.0
408,450,1.0
409,110,1.0
409,310,1.0
409,440,2.0
409,530,2.0
410,230,2.0
410,250,1.0
410,330,1.0
410,340,2.0
411,130,0.5
411,150,0.0
411,450,2.0
412,110,2.0
412,440,1.5
412,550,0.0
413,110,1.0
413,220,0.0
413,240,0.0
413,550,2.0
414,110,2.0
414,130,2.0
414,210,1.0
414,520,2.0
414,530,2.0
415,510,1.5
415,530,2.0
416,120,1.0
416,140,0.0
417,240,0.0
417,320,1.0
417,420,0.0
418,110,0.5
418,120,1.0
418,330,0.0
419,240,0.0
420,320,0.0
421,130,1.0
421,210,1.0
421,410,2.0
421,550,2.0
422,210,1.0
422,220,0.0
422,230,1.0
422,550,0.0
423,510,1.0
423,540,1.0
424,230,1.0
424,340,1.0
424,540,2.0
425,110,1.0
425,210,2.0
425,220,2.0
425,340,2.0
426,210,0.0
426,550,1.0
427,110,1.0
427,140,1.0
427,340,1.0
427,550,1.0
428,340,1.0
428,450,1.0
428,530,2.0
429,110,0.0
429,330,0.0
429,410,1.0
429,420,1.0
429,540,2.0
430,210,0.0
430,220,1.0
430,250,1.0
430,430,1.0
431,110,1.0
431,140,2.0
431,340,2.0
431,530,2.0
432,210,1.5
432,320,1.0
432,450,2.0
433,110,0.0
433,230,2.0
433,330,2.0
433,440,2.0
434,340,1.0
434,510,2.0
434,550,1.5
435,110,1.0
435,340,1.0
435,420,1.0
435,540,0.0
436,240,0.0
436,340,2.0
436,440,2.0
437,110,1.0
437,350,1.0
437,420,2.0
437,520,2.0
438,110,1.0
438,310,1.0
438,350,1.0
438,430,1.0
439,210,0.5
439,420,2.0
439,520,2.0
440,440,2.0
440,530,1.0
441,110,0.0
441,140,0.0
441,410,1.0
441,450,1.0
442,110,2.0
442,330,1.0
442,420,2.0
442,450,2.0
442,520,2.0
443,110,0.0
443,130,1.0
443,510,1.0
444,110,1.0
444,340,2.0
444,420,1.0
444,530,2.0
445,130,1.0
445,330,1.0
445,410,1.0
445,420,2.0
445,430,2.0
446,110,1.0
446,240,1.0
446,510,2.0
446,540,2.0
447,110,0.0
447,130,1.0
447,340,1.0
447,510,2.0
448,110,0.0
448,210,2.0
448,240,1.0
448,510,2.0
448,540,2.0
449,110,2.0
449,350,2.0
449,540,2.0
450,450,1.0
450,520,2.0
450,540,1.0
451,130,1.0
451,230,1.0
451,240,1.0
451,420,2.0
451,440,2.0
452,120,1.0
452,130,1.0
452,430,2.0
452,450,2.0
452,520,2.0
453,210,1.0
453,230,2.0
453,250,2.0
453,350,2.0
454,320,0.0
454,440,1.25
455,140,0.0
455,340,1.0
455,420,2.0
455,550,0.0
456,110,0.0
456,340,0.0
457,210,0.0
457,430,2.0
457,540,2.0
457,550,2.0
458,120,0.0
458,410,2.0
458,420,2.0
458,450,1.0
459,110,0.0
459,230,1.0
460,140,1.0
461,130,0.0
461,240,2.0
461,450,1.0
461,510,1.0
461,520,2.0
462,210,2.0
462,340,2.0
462,440,2.0
462,520,2.0
462,540,2.0
462,550,2.0
463,130,1.0
463,340,2.0
464,550,2.0
465,140,2.0
465,340,2.0
465,450,2.0
465,530,2.0
466,110,0.0
466,230,1.0
466,340,2.0
466,550,2.0
467,110,0.0
467,240,1.0
467,320,1.0
468,310,0.0
468,440,1.0
468,540,1.5
469,110,1.0
469,130,1.0
469,210,1.0
469,430,2.0
470,110,0.0
470,150,1.0
470,420,2.0
470,440,2.0
470,540,2.0
471,110,0.0
471,120,1.0
471,530,2.0
472,110,0.0
472,130,0.0
472,510,2.0
472,550,1.0
473,120,0.0
473,130,0.0
473,240,1.0
473,320,2.0
473,510,2.0
474,310,1.0
474,440,1.0
474,530,2.0
475,320,1.0
475,340,0.0
475,430,1.0
475,520,2.0
476,110,0.0
476,410,2.0
476,530,2.0
476,540,1.0
477,110,0.3333333333333333
477,120,0.0
477,410,2.0
478,150,0.0
478,250,1.0
478,540,2.0
478,550,0.0
479,110,2.0
479,140,1.0
479,310,0.0
479,430,2.0
480,110,0.0
480,210,1.0
480,330,1.0
481,230,1.0
481,540,1.0
482,110,0.5
482,340,1.0
482,510,2.0
483,520,2.0
484,340,1.0
485,110,1.0
485,440,2.0
485,550,2.0
486,130,0.0
486,220,2.0
486,410,2.0
486,430,2.0
487,150,1.0
487,240,1.0
487,450,1.0
487,510,2.0
488,230,1.0
488,320,0.0
488,340,2.0
488,440,2.0
489,230,0.0
489,240,1.0
489,340,1.0
489,440,1.0
489,530,2.0
490,310,0.0
490,450,1.0
490,550,1.0
491,130,1.0
491,410,2.0
491,550,2.0
492,220,1.0
492,340,2.0
492,530,0.0
493,310,1.0
493,420,0.0
493,550,0.6666666666666666
494,130,2.0
494,140,1.0
494,310,2.0
494,320,1.0
495,440,1.0
495,550,0.6666666666666666
496,110,1.0
496,130,2.0
496,440,2.0
497,110,0.0
497,320,1.0
497,430,0.0
497,450,0.0
497,550,1.0
498,110,1.0
498,230,2.0
498,510,2.0
499,310,1.0
499,410,1.0
499,430,1.0
500,110,1.0
500,130,1.0
500,510,2.0
501,110,1.0
501,220,2.0
501,550,2.0
502,130,0.0
502,240,0.0
502,450,0.0
503,110,0.0
503,230,0.0
503,440,0.0
503,550,2.0
504,130,2.0
504,320,2.0
504,330,1.0
504,340,2.0
504,450,2.0
505,110,0.0
505,220,0.0
505,410,2.0
505,450,1.5
506,110,1.0
506,140,1.0
506,340,1.0
506,540,2.0
507,110,1.0
507,540,2.0
507,550,1.0
508,130,1.0
508,340,1.0
508,440,2.0
509,110,1.0
509,320,2.0
509,350,2.0
509,540,2.0
509,550,2.0
510,110,1.0
510,240,1.0
510,450,2.0
510,520,2.0
511,110,0.0
511,220,1.0
511,550,0.5
512,130,0.0
512,150,1.0
512,340,2.0
512,550,2.0
513,330,1.0
513,340,1.0
513,420,0.0
513,540,0.0
513,550,2.0
514,130,1.0
514,340,0.0
514,550,2.0
515,110,0.0
515,330,0.0
515,350,0.0
515,440,2.0
516,250,1.0
516,420,2.0
516,440,2.0
517,110,0.0
517,120,0.0
517,510,1.0
517,550,0.0
518,110,0.0
518,350,0.5
518,450,2.0
518,510,2.0
519,130,2.0
519,330,2.0
519,440,0.0
520,110,0.0
520,120,2.0
520,140,2.0
520,330,2.0
521,450,0.5
521,530,2.0
521,550,0.5
522,210,2.0
522,240,2.0
522,410,2.0
522,530,2.0
522,550,2.0
523,320,2.0
523,330,0.0
523,340,1.0
524,220,2.0
524,310,2.0
524,410,1.0
524,440,2.0
525,330,2.0
525,340,2.0
526,150,2.0
526,410,2.0
526,520,1.0
527,120,1.0
527,210,1.0
527,340,1.0
527,440,1.0
528,340,2.0
528,410,2.0
528,430,2.0
528,520,2.0
529,110,2.0
529,450,2.0
530,110,0.0
530,130,1.0
530,150,0.0
530,340,2.0
531,240,1.0
531,340,0.0
531,430,0.0
532,230,1.0
532,320,2.0
532,330,2.0
532,420,1.0
533,540,1.0
534,330,0.0
534,440,2.0
534,540,1.0
535,130,2.0
535,340,2.0
535,550,0.5
536,110,0.0
536,150,0.0
536,540,2.0
536,550,1.0
537,110,1.0
537,220,1.0
537,430,1.0
538,310,1.0
538,420,2.0
538,430,2.0
539,110,0.0
539,310,1.0
539,330,2.0
540,330,1.0
540,420,0.0
540,440,2.0
540,520,2.0
541,130,0.0
541,330,2.0
541,510,1.0
541,530,2.0
541,550,0.0
542,110,1.0
542,130,1.0
542,140,1.0
542,540,0.0
543,130,1.0
543,310,2.0
543,320,2.0
544,410,2.0
544,450,2.0
544,550,2.0
545,210,1.0
545,440,2.0
546,220,0.0
547,110,0.0
547,420,1.0
547,430,1.0
547,550,2.0
548,440,2.0
549,320,0.0
549,540,0.0
550,110,0.0
550,130,0.0
550,340,1.0
550,530,2.0
551,340,2.0
551,430,1.0
551,540,2.0
552,350,1.0
552,450,1.0
552,540,1.0
553,210,2.0
553,420,0.0
553,430,2.0
554,210,0.0
554,440,2.0
554,520,2.0
554,540,1.0
555,330,0.0
555,340,1.0
555,440,1.0
555,540,1.0
556,510,1.0
556,530,1.0
557,110,1.0
557,240,1.0
557,350,2.0
558,230,1.0
558,340,1.0
559,130,0.0
559,220,0.0
559,420,1.5
559,540,2.0
560,110,2.0
560,320,0.0
560,340,1.0
560,420,1.0
561,130,1.0
561,340,1.5
561,550,2.0
562,240,2.0
562,340,2.0
562,350,2.0
562,440,2.0
563,120,1.0
563,330,1.0
563,420,1.0
564,510,2.0
564,550,2.0
565,110,0.0
565,310,0.0
565,410,0.0
565,440,0.0
565,450,0.0
566,440,1.0
566,510,2.0
566,520,2.0
567,210,0.0
567,420,0.0
568,450,2.0
568,530,2.0
568,540,0.0
569,110,0.0
569,130,0.0
569,550,2.0
570,130,1.0
570,440,2.0
571,140,0.0
571,230,0.0
571,410,1.0
571,450,0.0
572,120,1.0
572,210,1.0
572,340,1.0
572,430,2.0
572,520,2.0
573,140,1.0
573,340,1.0
574,240,1.0
574,550,1.0
575,410,1.0
575,430,0.0
575,440,1.0
575,450,1.0
575,540,1.0
576,110,1.0
576,130,0.0
576,350,0.0
576,420,2.0
576,440,1.0
577,110,1.0
577,330,1.0
577,440,1.0
578,330,1.0
578,510,1.0
579,110,1.0
579,330,2.0
579,440,1.0
580,110,0.0
580,120,2.0
580,130,2.0
580,420,2.0
580,550,0.0
581,330,1.0
581,350,1.0
581,410,2.0
581,450,1.0
581,550,1.0
582,450,1.0
583,320,1.0
584,340,2.0
585,530,2.0
586,110,1.0
586,120,1.0
586,130,0.0
586,440,1.0
587,230,0.0
587,240,1.0
587,420,1.0
587,440,1.0
588,220,1.0
588,250,2.0
588,330,0.0
589,110,0.5
589,540,2.0
590,230,1.0
590,310,1.0
590,440,1.0
591,230,1.0
591,340,0.0
591,420,2.0
592,120,1.0
592,140,2.0
592,430,0.0
593,110,1.0
593,130,1.0
593,320,2.0
593,340,0.0
593,440,1.0
594,320,2.0
594,350,0.0
594,410,2.0
594,430,2.0
594,510,2.0
595,240,0.0
596,110,1.0
596,220,1.0
596,230,1.0
596,530,2.0
597,150,1.0
597,320,1.0
597,540,2.0
598,110,0.0
598,230,1.0
598,330,1.0
598,430,2.0
599,110,1.0
599,250,2.0
599,440,1.0
599,450,1.0
599,550,2.0
600,110,1.0
600,210,1.0
600,420,2.0
600,520,2.0
600,550,0.0
601,110,0.0
601,140,0.0
601,240,1.0
601,320,1.0
602,210,1.0
602,220,1.0
602,330,1.5
603,140,2.0
603,310,2.0
604,510,2.0
604,530,2.0
604,540,2.0
605,120,0.0
605,320,1.0
605,410,2.0
605,550,2.0
606,110,0.0
606,320,2.0
606,410,0.0
606,540,2.0
607,110,1.0
607,130,1.0
607,440,1.0
607,510,1.0
607,540,1.0
608,130,0.0
608,150,1.0
608,310,0.0
608,430,2.0
609,210,1.0
609,220,0.0
609,230,2.0
609,430,0.0
610,110,0.0
610,420,2.0
610,440,1.0
610,450,2.0
611,110,1.0
611,450,2.0
611,510,2.0
611,540,2.0
612,150,2.0
612,350,1.0
613,110,0.0
613,320,0.0
613,350,0.0
613,450,0.0
613,510,2.0
614,320,1.0
614,330,2.0
614,420,2.0
614,440,1.0
614,540,2.0
615,310,1.5
615,350,0.0
616,110,0.0
616,350,1.0
616,450,1.0
616,540,1.5
617,110,0.0
617,120,2.0
617,450,2.0
617,540,1.0
617,550,2.0
618,130,0.0
618,150,1.0
618,330,0.0
619,110,0.0
619,120,0.0
619,410,1.0
619,510,2.0
619,540,2.0
620,130,1.0
620,240,1.0
620,330,1.0
620,430,1.0
621,110,1.0
621,510,2.0
621,530,2.0
622,110,0.0
622,140,0.0
622,450,1.0
622,540,1.0
623,330,2.0
623,340,1.0
623,350,1.0
624,220,1.0
624,510,2.0
624,540,2.0
625,440,2.0
625,550,2.0
626,130,1.0
626,150,0.0
626,440,1.0
626,520,2.0
626,540,2.0
627,110,0.0
627,210,1.0
627,230,0.0
627,520,2.0
627,550,0.0
628,110,1.0
628,330,2.0
628,440,0.0
628,510,2.0
628,530,1.0
629,310,0.0
629,450,0.0
629,550,1.0
630,110,0.0
630,340,1.0
630,530,1.0
631,110,0.0
631,230,2.0
631,430,2.0
631,520,2.0
632,110,0.0
632,220,0.0
632,330,1.0
632,440,0.0
633,150,1.0
633,240,2.0
633,340,2.0
634,230,1.0
635,110,1.0
635,330,1.0
635,340,2.0
635,550,1.0
636,330,1.0
636,440,2.0
636,540,2.0
637,130,0.0
637,140,0.0
637,330,1.0
637,410,1.0
637,450,0.0
638,230,2.0
638,340,2.0
638,440,2.0
638,450,2.0
638,540,1.0
639,110,0.0
639,210,2.0
639,350,1.0
639,450,1.0
639,520,2.0
640,110,0.0
640,120,1.0
640,230,2.0
640,340,1.0
640,440,2.0
641,210,1.0
641,440,1.0
641,510,2.0
641,550,2.0
642,110,0.0
642,510,2.0
642,540,2.0
643,110,0.3333333333333333
643,240,1.0
643,430,1.0
644,220,2.0
644,330,2.0
644,340,2.0
644,420,2.0
645,340,0.5
645,430,2.0
646,110,2.0
646,340,2.0
646,550,2.0
647,110,2.0
647,120,0.0
647,350,2.0
648,240,2.0
648,320,1.0
648,340,0.0
649,120,0.0
649,350,1.0
649,550,0.0
650,110,1.0
650,320,1.0
650,430,1.0
650,530,2.0
651,130,2.0
651,150,2.0
651,410,2.0
651,520,2.0
651,550,2.0
652,150,0.0
652,240,1.0
652,440,2.0
652,530,2.0
652,540,2.0
653,110,1.0
653,350,1.0
653,520,2.0
654,320,1.0
654,420,2.0
654,440,1.0
654,540,1.0
655,110,0.0
655,120,2.0
655,430,2.0
655,510,2.0
656,510,1.0
656,550,2.0
657,110,1.0
657,120,0.0
657,430,1.0
657,540,0.0
657,550,1.0
658,210,0.0
658,230,1.0
658,330,1.0
658,530,2.0
658,540,1.0
659,320,1.0
659,510,0.5
660,410,2.0
660,510,2.0
660,530,2.0
661,130,1.0
661,250,0.0
661,330,1.0
661,540,1.0
662,140,1.0
662,350,2.0
662,440,2.0
663,110,1.0
663,130,1.0
663,510,2.0
664,130,0.0
665,240,2.0
665,310,1.0
665,510,2.0
665,550,1.0
666,110,0.0
666,210,1.0
666,310,2.0
666,430,2.0
666,540,2.0
667,110,0.0
667,130,0.0
667,210,1.0
667,430,1.0
667,440,1.0
668,110,1.0
668,230,1.0
668,320,2.0
668,450,2.0
669,440,2.0
670,320,2.0
670,430,1.0
671,110,1.0
671,230,1.0
671,240,2.0
671,420,2.0
672,210,0.0
672,240,2.0
673,110,2.0
673,130,2.0
674,150,1.0
674,510,2.0
674,550,2.0
675,450,1.0
675,540,0.0
675,550,0.0
676,120,0.0
676,430,2.0
676,550,2.0
677,110,0.0
677,120,0.0
677,230,1.0
677,330,2.0
677,440,2.0
678,210,1.0
678,230,1.0
678,340,2.0
678,420,2.0
678,510,2.0
679,110,0.0
679,130,0.0
679,410,2.0
680,230,1.0
680,350,0.0
680,440,2.0
681,120,0.0
681,210,0.0
681,440,0.5
681,510,2.0
682,110,0.0
682,220,0.0
682,230,0.0
682,330,0.0
683,150,0.0
683,330,2.0
683,550,2.0
684,310,0.0
684,410,1.0
684,430,1.0
684,450,0.0
684,540,2.0
685,110,1.0
685,120,1.0
685,310,1.0
685,440,2.0
686,110,0.0
686,230,1.0
686,420,1.0
686,440,2.0
686,540,1.0
687,110,0.0
687,130,0.0
687,350,2.0
687,440,1.0
687,530,2.0
688,150,1.0
688,220,1.0
689,130,1.0
689,250,1.0
689,430,1.0
689,440,0.0
690,310,2.0
691,110,0.0
691,430,2.0
691,540,1.0
691,550,2.0
692,130,1.0
692,140,1.0
692,310,1.0
692,320,1.0
692,540,2.0
693,130,0.0
693,210,0.0
693,410,1.0
693,550,2.0
694,140,1.0
694,330,0.0
694,450,1.0
694,520,1.5
695,110,1.0
695,220,0.0
695,230,0.0
695,550,1.0
696,340,1.0
696,410,2.0
696,430,2.0
696,440,0.0
696,510,0.0
697,130,2.0
697,340,1.0
697,420,1.0
697,510,1.0
698,110,1.0
698,120,1.0
698,230,1.0
698,530,2.0
699,110,0.0
699,140,0.0
699,250,2.0
699,350,1.0
699,550,2.0
700,110,0.0
700,320,1.0
700,350,2.0
700,440,1.0
700,550,2.0
701,110,0.0
701,240,0.0
701,520,1.0
701,550,1.0
702,140,0.0
702,440,2.0
703,110,0.0
703,210,0.0
703,230,1.0
703,330,1.0
704,150,0.0
704,510,0.0
704,520,1.0
704,550,2.0
705,110,1.0
705,220,0.0
705,440,2.0
705,510,2.0
706,110,0.0
706,130,0.0
706,140,0.0
706,340,1.0
706,440,1.0
707,110,1.0
707,120,1.0
707,330,1.0
707,440,2.0
707,450,0.0
708,220,1.0
708,450,1.0
708,520,2.0
709,110,0.0
709,130,0.0
709,150,1.0
709,430,2.0
709,550,2.0
710,310,1.0
710,330,0.0
710,540,2.0
711,240,1.0
711,440,1.0
711,550,1.0
712,350,0.0
712,410,2.0
712,550,0.0
713,130,0.0
713,140,0.0
713,550,2.0
714,130,2.0
714,150,0.0
714,340,2.0
714,420,2.0
714,440,2.0
715,110,0.0
715,230,1.0
715,310,1.0
715,430,2.0
715,550,0.0
716,230,1.0
717,110,1.0
717,510,0.0
717,550,0.3333333333333333
718,110,0.0
718,150,2.0
718,510,1.5
718,550,2.0
719,310,0.0
719,440,1.0
719,550,0.0
720,230,1.0
720,350,2.0
720,430,1.0
720,550,2.0
721,330,2.0
721,540,2.0
722,110,0.0
722,150,1.0
722,410,2.0
722,450,2.0
722,550,0.0
723,110,0.0
723,130,1.0
723,320,1.0
723,330,1.0
723,420,1.0
724,110,1.0
724,340,2.0
725,220,2.0
725,330,1.0
725,340,2.0
726,110,0.0
726,130,0.0
726,320,1.0
726,410,1.0
726,440,2.0
727,330,0.5
727,340,0.0
727,430,1.0
727,520,1.0
728,110,1.0
728,330,1.0
728,440,2.0
728,540,2.0
729,110,0.0
729,220,0.0
729,440,2.0
729,540,2.0
730,110,1.0
730,120,1.0
730,510,2.0
730,540,2.0
731,210,1.0
731,350,1.0
732,110,0.0
732,150,2.0
732,440,2.0
732,510,2.0
732,540,2.0
733,320,0.0
733,430,1.0
733,440,2.0
734,110,1.0
734,330,2.0
734,340,2.0
734,440,2.0
735,310,2.0
735,340,2.0
735,450,2.0
736,110,0.0
736,410,1.0
736,420,1.0
736,450,0.0
737,130,0.0
737,340,0.0
738,330,1.0
738,430,1.0
738,450,1.0
738,540,2.0
738,550,2.0
739,110,0.0
739,550,2.0
740,310,0.0
740,450,2.0
742,110,0.0
742,150,0.0
742,230,0.0
742,540,2.0
743,130,1.0
743,330,1.0
743,440,1.0
743,550,0.0
744,230,0.0
744,520,2.0
744,540,2.0
745,110,0.3333333333333333
745,530,2.0
746,110,1.0
746,120,0.0
746,250,1.0
746,330,2.0
747,150,2.0
748,320,1.0
748,340,1.0
748,430,1.0
748,550,2.0
749,110,1.0
749,130,1.0
749,430,2.0
749,530,2.0
750,120,0.0
750,140,0.0
750,330,2.0
750,340,2.0
751,110,0.0
751,320,0.0
751,520,1.0
752,210,2.0
752,240,2.0
752,310,1.0
752,550,2.0
753,110,0.0
753,320,0.0
753,330,1.0
753,540,1.0
753,550,2.0
754,350,2.0
754,550,2.0
755,310,1.0
755,350,1.0
756,220,2.0
756,240,2.0
756,330,1.0
756,530,2.0
757,150,2.0
757,410,0.0
757,550,0.0
758,130,0.0
758,140,0.0
758,230,1.0
758,450,2.0
759,220,0.0
759,440,0.5
760,210,1.0
760,440,2.0
760,520,0.0
761,240,1.0
761,310,1.0
761,530,2.0
761,550,2.0
762,110,0.0
762,450,2.0
762,540,2.0
763,330,0.0
763,340,2.0
763,440,1.0
763,530,2.0
763,550,2.0
764,510,2.0
764,530,1.0
764,540,1.5
765,110,0.0
765,240,2.0
765,420,2.0
766,140,0.0
766,220,0.0
767,510,1.0
767,550,1.0
768,110,0.0
768,130,2.0
768,220,1.0
768,330,0.0
768,550,0.0
769,110,1.0
769,120,2.0
769,140,2.0
769,210,1.0
769,530,2.0
770,330,1.0
770,340,2.0
770,410,2.0
771,110,0.0
771,330,1.0
771,340,2.0
771,420,1.0
771,520,2.0
772,110,1.0
772,210,1.0
772,330,1.0
772,430,2.0
772,540,2.0
773,130,1.0
773,330,1.0
773,410,0.0
773,440,2.0
774,110,0.0
774,240,0.0
774,410,1.3333333333333333
775,120,1.0
775,130,1.0
775,530,2.0
775,550,2.0
776,110,1.0
776,350,2.0
776,410,2.0
777,320,2.0
777,440,2.0
778,220,1.0
778,430,1.0
778,440,2.0
778,540,2.0
779,150,2.0
779,220,1.0
779,330,2.0
779,550,2.0
780,110,0.0
780,340,1.0
780,420,2.0
781,320,1.0
781,430,1.6666666666666667
781,450,1.0
782,210,1.0
782,430,2.0
782,450,1.0
782,550,1.0
783,230,1.5
783,350,0.0
783,430,1.5
784,240,0.0
784,320,2.0
784,330,1.0
784,440,2.0
785,230,0.0
785,240,1.0
785,330,2.0
785,540,0.0
786,130,1.0
786,210,0.0
786,240,1.0
786,310,0.0
786,340,0.0
787,210,1.0
787,230,2.0
787,320,2.0
787,340,0.0
787,540,2.0
788,240,1.0
788,310,1.0
788,430,2.0
788,510,1.0
789,230,2.0
789,240,1.0
789,440,1.0
789,510,2.0
790,310,0.0
790,430,1.0
791,110,0.0
791,130,1.0
791,350,0.0
791,550,0.0
792,110,1.0
792,430,2.0
792,520,2.0
793,130,2.0
793,320,1.0
793,330,2.0
793,540,2.0
794,110,2.0
794,120,1.0
794,220,1.0
795,150,0.0
795,220,1.0
795,410,2.0
795,550,2.0
796,240,1.0
796,340,1.0
796,440,2.0
796,530,1.0
797,120,1.0
797,230,1.0
797,330,1.0
797,450,0.0
797,510,1.0
798,110,0.0
798,330,1.5
798,520,2.0
799,150,0.0
799,320,1.0
799,510,2.0
799,540,2.0
800,130,1.5
800,430,1.0
800,510,2.0
801,130,2.0
801,220,1.0
802,110,0.0
802,150,0.0
802,250,1.0
802,330,1.0
802,530,2.0
803,110,1.0
803,240,2.0
803,550,1.0
804,240,2.0
804,250,2.0
804,340,2.0
804,430,2.0
805,130,0.0
805,330,0.0
805,450,2.0
806,110,1.0
806,130,2.0
806,530,2.0
807,130,0.0
807,210,0.0
807,330,1.0
808,110,0.0
808,130,1.0
808,440,2.0
808,540,1.0
808,550,1.0
809,210,0.0
809,450,0.0
809,550,0.0
810,110,0.0
810,350,1.0
810,510,2.0
811,120,0.0
811,230,2.0
811,240,0.0
811,340,2.0
811,430,1.0
812,130,0.0
812,330,1.0
812,340,1.0
812,440,2.0
813,120,0.0
813,210,0.0
813,430,2.0
813,540,1.0
813,550,2.0
814,110,0.0
814,130,0.0
814,230,2.0
814,450,2.0
814,520,2.0
815,120,0.0
815,140,0.0
815,530,2.0
816,240,2.0
816,250,1.0
816,340,1.0
817,120,0.0
817,350,2.0
817,520,2.0
818,540,2.0
819,210,1.0
819,230,2.0
819,350,2.0
819,440,2.0
820,130,0.5
820,230,0.0
820,410,2.0
820,520,1.0
821,110,1.0
821,130,2.0
821,530,1.0
822,150,1.0
822,330,1.0
822,440,2.0
822,530,2.0
823,310,1.0
823,450,1.0
823,520,2.0
824,110,0.0
824,310,0.0
824,550,2.0
825,250,1.0
825,440,1.0
825,510,2.0
825,540,2.0
826,230,1.0
826,320,1.0
826,340,1.0
826,510,2.0
826,540,2.0
827,130,0.0
827,330,1.0
827,450,1.0
827,550,1.0
828,220,1.0
828,530,2.0
828,550,1.0
829,110,0.0
829,430,1.0
829,440,1.0
829,530,2.0
829,550,2.0
830,150,0.0
830,240,1.0
830,250,0.0
830,320,1.0
831,540,1.0
831,550,1.0
832,110,0.0
832,230,1.0
832,320,1.0
832,540,2.0
833,150,0.0
833,210,0.0
833,250,2.0
833,450,2.0
833,510,2.0
834,210,0.0
834,330,0.0
834,410,2.0
834,420,2.0
834,520,2.0
835,310,1.0
835,540,2.0
836,110,1.0
836,120,1.0
836,130,2.0
836,220,1.0
836,550,2.0
837,110,1.0
837,330,1.0
837,440,2.0
837,520,1.0
838,110,1.0
838,220,1.0
838,230,1.0
838,330,1.0
838,550,2.0
839,220,1.0
839,510,2.0
839,540,2.0
840,230,1.0
840,510,2.0
840,540,2.0
841,150,1.0
841,440,2.0
841,530,2.0
841,540,2.0
842,110,0.5
842,210,2.0
842,230,0.0
842,450,0.0
843,110,0.0
843,140,0.0
843,150,0.0
843,540,2.0
844,140,0.0
844,240,0.0
844,330,2.0
844,340,2.0
844,350,2.0
845,210,1.0
845,220,0.0
845,320,1.0
845,330,1.0
845,430,1.0
846,250,1.0
846,330,0.5
846,550,1.0
847,110,0.0
848,130,1.0
848,440,2.0
849,450,2.0
849,530,2.0
850,330,1.0
850,440,2.0
851,110,0.0
851,210,1.0
851,330,2.0
851,520,2.0
852,110,1.0
852,130,1.0
852,150,1.0
852,330,2.0
853,240,0.0
853,340,2.0
853,510,2.0
853,550,2.0
854,330,0.0
855,130,2.0
855,340,1.0
855,550,0.0
856,120,0.0
856,420,1.0
856,510,2.0
856,550,2.0
857,230,0.0
857,440,2.0
857,530,1.0
858,110,0.0
858,230,0.0
858,530,2.0
858,540,2.0
858,550,2.0
859,150,1.0
859,240,1.0
859,420,2.0
859,440,2.0
859,540,2.0
860,110,0.0
860,350,1.0
861,110,0.0
861,130,0.0
861,510,1.0
862,120,1.0
862,350,2.0
863,150,0.0
863,510,2.0
863,550,1.0
864,220,1.0
864,310,1.0
864,330,1.0
864,340,2.0
864,450,2.0
865,110,0.0
865,430,1.0
865,450,1.0
865,540,2.0
865,550,2.0
866,110,0.0
866,150,1.0
866,310,0.0
867,110,1.0
867,240,1.0
867,540,1.0
867,550,0.0
868,210,1.0
868,240,1.0
868,340,1.0
868,520,2.0
868,550,2.0
869,110,0.0
869,330,1.0
869,340,1.0
869,420,2.0
869,520,2.0
870,120,1.0
870,520,2.0
871,230,1.0
872,150,1.0
872,540,2.0
872,550,2.0
873,130,1.0
873,330,0.0
873,350,1.0
873,430,2.0
873,440,2.0
874,510,2.0
875,430,1.0
875,440,2.0
876,210,0.0
876,320,2.0
876,450,2.0
876,540,2.0
877,140,0.0
877,150,0.0
877,330,0.0
877,350,0.0
877,540,2.0
878,330,1.0
878,530,1.5
879,110,0.0
879,130,2.0
879,310,0.0
879,510,2.0
879,520,2.0
880,110,2.0
880,130,1.0
880,430,1.0
881,110,2.0
881,240,1.0
881,330,2.0
881,550,2.0
882,110,1.0
882,130,1.0
882,140,0.0
882,340,1.0
883,420,0.0
883,450,1.0
883,530,1.5
883,540,0.0
884,110,1.0
884,140,2.0
884,150,1.0
884,450,0.0
885,220,1.0
885,420,2.0
885,440,2.0
886,230,0.0
886,320,1.0
886,450,1.0
886,540,2.0
886,550,2.0
887,110,2.0
887,130,2.0
887,140,2.0
887,330,2.0
887,550,2.0
888,220,1.0
889,130,1.0
890,310,1.0
890,320,0.0
890,450,2.0
890,540,1.0
891,510,0.0
891,550,0.0
892,110,0.0
892,230,1.0
892,430,2.0
892,440,2.0
893,110,1.0
893,120,1.0
893,510,2.0
893,550,2.0
894,110,0.0
894,530,2.0
894,540,1.0
894,550,1.0
895,110,0.0
895,430,2.0
896,150,0.0
896,230,0.0
896,240,0.0
896,430,2.0
896,540,2.0
897,110,1.0
897,150,2.0
897,210,2.0
897,250,0.0
897,530,2.0
898,510,2.0
898,550,2.0
899,120,0.0
899,420,1.0
899,510,2.0
899,550,2.0
900,130,0.0
900,210,0.0
900,350,0.0
900,450,1.0
900,530,2.0
901,240,1.0
901,320,1.0
901,340,1.0
902,130,0.0
902,350,1.0
902,540,1.0
903,120,0.0
903,210,1.0
903,240,0.0
903,440,2.0
904,130,1.0
904,210,1.0
905,220,0.0
905,420,2.0
905,430,1.0
906,110,0.0
906,120,0.0
906,140,0.0
906,220,2.0
906,330,2.0
907,110,0.0
907,130,0.0
907,150,1.0
907,540,1.0
908,450,1.0
908,530,2.0
909,110,1.0
909,130,1.0
909,340,1.0
909,450,2.0
910,140,1.0
910,150,0.0
910,350,2.0
910,430,2.0
911,110,0.0
911,450,2.0
911,550,0.0
912,340,0.0
912,420,2.0
912,430,1.0
913,330,1.0
913,540,2.0
914,110,0.0
914,120,1.0
914,440,2.0
915,230,2.0
916,210,1.3333333333333333
916,550,1.5
917,140,0.0
917,330,2.0
918,110,0.0
918,230,1.0
918,520,2.0
918,540,2.0
918,550,2.0
919,140,1.0
919,330,0.0
919,440,1.0
919,520,1.0
920,150,1.0
920,230,1.0
920,420,2.0
920,440,2.0
921,150,1.0
921,410,2.0
921,530,2.0
921,550,1.5
922,130,0.0
922,210,1.0
922,220,1.0
922,420,1.0
922,440,2.0
923,140,0.0
923,210,2.0
923,250,1.0
923,520,2.0
924,350,2.0
924,530,0.5
925,120,1.0
925,250,1.0
925,430,2.0
925,450,2.0
926,240,1.0
926,320,1.0
926,450,1.0
927,110,0.0
927,210,1.0
928,310,1.0
929,110,0.5
929,350,0.0
930,210,1.0
930,510,2.0
931,110,1.0
931,120,1.0
931,430,2.0
932,210,1.0
932,510,1.0
932,540,2.0
932,550,1.0
933,110,1.0
933,220,1.0
933,330,2.0
934,120,1.0
934,240,1.0
934,420,2.0
934,540,0.0
935,150,0.6666666666666666
935,320,1.0
935,550,2.0
936,110,1.0
936,420,1.0
936,550,2.0
937,110,1.0
937,210,1.0
937,320,1.0
937,430,1.0
937,540,2.0
938,110,1.0
938,310,1.0
938,410,0.0
938,530,2.0
939,310,1.0
940,130,0.0
940,150,1.0
940,210,2.0
940,330,0.0
941,330,0.0
941,340,0.0
941,450,1.0
941,520,2.0
941,530,2.0
943,130,0.0
943,330,0.0
943,440,1.5
943,550,2.0
944,110,0.0
944,130,1.0
944,320,1.0
944,330,0.0
945,230,0.0
945,310,1.0
945,340,1.0
945,450,1.0
946,210,0.0
946,420,1.0
946,440,2.0
947,130,1.0
947,330,1.0
947,430,2.0
947,440,2.0
948,110,0.0
948,150,0.0
948,230,0.0
948,440,1.0
949,440,1.0
950,150,1.0
950,340,0.0
950,450,2.0
951,110,0.0
951,230,0.0
951,510,2.0
951,540,2.0
952,120,1.0
952,150,2.0
952,440,1.0
953,340,0.0
953,420,2.0
953,530,2.0
954,110,1.0
954,230,1.5
954,320,2.0
954,520,2.0
955,110,1.0
955,240,1.0
955,430,2.0
955,510,2.0
955,540,1.0
956,230,2.0
956,430,2.0
957,220,1.0
957,320,1.0
958,320,1.0
958,450,1.0
958,510,2.0
958,550,1.0
960,150,0.0
960,230,0.0
960,510,2.0
960,520,1.0
961,110,0.3333333333333333
961,530,2.0
962,410,0.0
962,430,2.0
962,550,1.0
963,130,0.0
963,330,1.0
963,420,2.0
964,250,0.0
964,330,1.0
964,350,1.0
964,420,2.0
965,130,0.5
965,350,0.0
965,510,2.0
966,110,0.0
966,130,2.0
966,240,0.0
966,350,1.0
966,430,2.0
967,340,1.0
967,440,1.0
968,540,0.0
968,550,2.0
969,110,1.0
969,230,1.0
969,330,2.0
969,410,2.0
969,430,2.0
970,110,0.0
970,120,0.0
970,140,1.0
970,520,2.0
971,230,2.0
971,430,1.0
971,510,1.0
972,110,0.0
972,250,0.0
972,310,1.0
972,410,1.5
973,230,1.0
973,410,1.0
973,440,1.0
973,520,2.0
973,550,2.0
974,210,1.0
974,320,1.0
974,420,2.0
975,240,2.0
975,340,2.0
975,410,2.0
975,430,2.0
976,110,0.0
976,210,1.0
976,320,1.0
976,430,2.0
976,530,2.0
977,150,1.0
977,330,0.0
977,440,2.0
978,230,1.0
978,340,1.0
978,540,2.0
979,320,1.0
979,340,1.0
979,430,2.0
980,130,0.0
980,140,0.0
980,440,2.0
980,450,0.0
981,150,0.5
981,430,2.0
983,110,1.0
984,430,2.0
984,440,0.0
985,140,1.0
985,350,1.0
985,420,2.0
985,520,2.0
986,540,2.0
986,550,2.0
987,130,1.0
987,240,0.0
987,340,0.0
987,430,2.0
988,240,1.0
988,330,1.0
988,350,0.0
988,540,1.0
989,110,0.5
989,140,0.0
989,410,1.0
989,450,0.0
990,530,1.0
991,130,0.0
991,310,0.0
991,340,2.0
992,110,1.0
992,150,1.0
992,330,1.0
992,530,0.0
993,420,2.0
993,440,1.0
993,510,2.0
993,540,2.0
993,550,1.0
994,110,0.0
994,350,2.0
994,430,1.0
994,550,2.0
995,430,2.0
995,510,1.0
995,540,2.0
995,550,2.0
996,410,2.0
997,210,1.0
997,430,2.0
998,230,0.0
998,320,1.0
998,330,0.0
998,440,1.0
999,150,2.0
999,210,2.0
999,440,2.0
999,550,1.5
1000,130,1.0
1000,450,1.5
1001,230,1.0
1001,430,2.0
1001,540,2.0
1001,550,2.0
1002,230,1.0
1002,440,0.0
1003,140,0.0
1003,150,1.0
1003,340,1.0
1003,420,2.0
1003,440,2.0
1004,140,0.0
1004,330,0.0
1004,350,0.0
1005,130,1.0
1005,240,0.0
1005,320,0.0
1005,330,1.0
1006,540,0.5
1006,550,0.0
1007,550,1.3333333333333333
1008,130,1.0
1008,440,1.0
1008,550,2.0
1009,410,1.0
1009,450,0.0
1009,550,1.0
1010,120,0.0
1010,330,0.0
1010,430,2.0
1010,450,0.0
1010,530,2.0
1011,110,1.0
1011,550,2.0
1012,110,0.0
1012,130,0.0
1012,220,1.0
1012,540,2.0
1013,130,0.0
1013,210,1.0
1013,220,0.0
1013,340,1.0
1013,430,2.0
1014,520,2.0
1014,540,0.0
1014,550,1.0
1015,130,1.0
1015,310,1.0
1015,350,0.0
1015,450,1.0
1015,510,2.0
1016,230,0.0
1016,430,1.0
1016,540,2.0
1017,110,1.0
1017,450,2.0
1018,110,0.0
1018,120,0.0
1018,320,0.0
1018,340,0.0
1019,340,2.0
1019,350,1.0
1019,440,1.5
1019,520,1.0
1020,210,0.0
1020,250,2.0
1020,540,2.0
1021,110,0.0
1021,240,0.0
1021,430,1.0
1021,440,1.0
1021,550,2.0
1022,150,0.0
1022,250,0.0
1022,330,2.0
1022,340,1.0
1023,130,1.0
1023,240,2.0
1023,520,2.0
1024,140,2.0
1024,230,1.0
1024,240,2.0
1024,320,0.0
1025,110,2.0
1025,120,1.0
1025,140,2.0
1025,210,2.0
1025,340,2.0
1026,110,0.0
1026,330,1.0
1026,530,2.0
1026,550,0.0
1027,110,0.0
1028,150,1.0
1028,230,1.0
1028,340,2.0
1028,510,0.0
1029,130,1.0
1029,150,0.0
1029,230,2.0
1029,540,2.0
