0,30,1.0
1,30,1.3333333333333333
1,32,1.0
2,12,2.0
2,21,1.0
2,22,2.0
3,11,2.0
3,20,1.0
3,30,1.0
4,11,0.0
4,31,2.0
5,32,2.0
6,11,0.0
6,21,1.0
6,22,1.0
6,31,2.0
7,10,1.5
7,30,1.5
8,10,0.0
8,11,0.0
8,20,1.0
9,10,0.5
9,22,1.0
9,32,1.0
10,10,1.0
10,11,1.0
10,12,0.0
10,30,2.0
11,10,0.0
11,12,2.0
11,20,1.0
11,30,1.0
12,11,0.0
12,21,1.0
12,22,2.0
12,30,2.0
12,31,2.0
13,20,1.0
13,21,0.0
13,30,1.0
14,31,0.5
15,11,1.0
15,21,0.0
15,30,1.0
16,12,1.0
17,12,0.0
17,22,2.0
17,31,2.0
17,32,1.0
18,11,0.0
18,12,2.0
18,30,2.0
18,31,2.0
19,11,1.3333333333333333
19,30,2.0
19,32,2.0
20,12,2.0
20,21,2.0
20,31,2.0
21,10,0.0
22,11,0.0
22,21,1.0
22,30,2.0
22,31,2.0
23,11,0.0
23,12,0.0
23,30,1.0
23,31,1.0
24,10,0.0
24,12,0.0
24,31,0.0
25,10,1.0
25,30,2.0
25,31,1.0
25,32,2.0
26,11,1.0
26,12,0.0
26,30,2.0
26,31,2.0
26,32,2.0
27,11,0.0
27,12,0.0
27,31,2.0
28,10,0.0
28,21,0.0
28,32,1.5
29,30,0.6666666666666666
29,32,0.0
30,11,0.0
30,20,1.0
30,30,2.0
31,11,1.0
31,30,1.5
32,11,1.0
32,12,1.0
32,31,2.0
32,32,1.0
33,10,1.0
33,11,1.0
33,12,2.0
33,30,2.0
33,32,2.0
34,10,0.0
34,11,0.0
35,10,1.0
35,12,2.0
35,32,0.0
36,31,0.0
36,32,2.0
37,11,0.0
37,21,1.0
37,30,2.0
38,21,1.0
38,30,1.0
39,12,0.0
39,31,1.0
40,12,2.0
40,22,2.0
40,30,0.6666666666666666
41,31,1.0
42,20,0.0
42,21,0.0
42,32,2.0
43,11,1.0
43,22,2.0
43,31,2.0
44,21,0.0
44,30,0.0
44,31,2.0
45,12,2.0
46,11,2.0
46,21,1.0
46,31,1.0
47,22,0.0
47,32,2.0
48,10,0.0
48,21,2.0
48,30,1.0
49,11,1.0
49,30,2.0
50,21,1.0
50,32,2.0
51,12,0.0
51,31,0.0
52,10,1.0
52,11,0.0
52,12,2.0
52,30,1.0
52,31,0.0
53,12,0.0
53,20,0.0
53,30,1.0
53,31,1.0
54,10,0.0
54,11,1.0
54,21,1.0
54,22,1.0
54,30,2.0
55,11,0.3333333333333333
55,12,0.0
55,30,1.0
56,21,2.0
56,30,0.0
56,32,1.0
57,30,1.0
57,32,2.0
58,11,0.0
58,30,1.0
58,31,2.0
58,32,1.0
59,11,0.0
59,32,2.0
61,11,1.0
61,12,1.0
61,31,1.0
62,11,0.0
62,30,1.0
62,31,2.0
63,11,2.0
63,32,2.0
64,20,1.0
64,21,0.0
65,10,1.0
65,11,1.0
66,11,0.0
66,31,2.0
67,11,0.0
67,12,0.0
67,31,1.0
68,31,1.0
68,32,1.6666666666666667
69,11,0.0
69,20,1.0
69,32,2.0
70,20,0.0
70,30,0.0
71,11,1.0
71,21,1.0
71,30,1.0
72,10,1.0
72,11,0.0
73,11,0.0
73,12,1.0
73,21,1.0
74,30,1.0
75,11,1.0
75,12,0.0
75,21,1.0
76,10,0.0
76,21,2.0
76,22,1.0
76,31,1.0
76,32,2.0
77,11,0.0
77,21,1.0
77,30,2.0
78,11,0.0
78,31,1.0
79,11,0.0
79,20,0.0
79,30,1.0
79,31,2.0
80,11,0.0
80,12,0.0
80,21,2.0
80,31,2.0
81,11,1.0
81,20,1.0
81,30,2.0
81,31,1.0
82,10,0.0
82,12,1.0
82,21,0.0
82,31,2.0
83,10,1.0
83,12,1.0
83,30,2.0
83,31,2.0
84,11,0.0
84,20,1.0
84,21,0.0
84,30,0.0
84,32,2.0
85,11,0.0
85,12,0.0
85,32,1.0
86,10,1.0
86,11,0.0
86,12,1.0
86,31,2.0
87,12,2.0
87,30,0.0
87,31,0.0
88,10,1.0
88,11,1.0
88,31,2.0
88,32,2.0
89,10,2.0
89,11,1.0
89,12,2.0
89,31,2.0
90,12,2.0
90,31,1.5
90,32,1.0
91,11,0.0
91,20,2.0
91,32,2.0
92,10,0.5
92,11,0.0
92,20,1.0
92,30,2.0
93,11,0.5
93,12,1.0
93,30,2.0
93,31,2.0
94,11,1.0
94,31,1.6666666666666667
95,11,1.0
96,12,2.0
96,21,0.0
96,31,2.0
97,12,1.0
97,20,1.0
97,30,1.5
98,10,1.0
98,22,2.0
98,30,2.0
99,20,0.0
99,21,1.0
99,31,1.5
99,32,2.0
100,10,0.5
100,12,1.0
100,30,2.0
100,32,2.0
101,11,1.0
101,12,1.0
101,31,2.0
102,10,1.0
103,11,0.0
103,12,0.0
103,22,1.0
103,30,2.0
104,10,0.0
104,11,0.0
104,21,0.0
104,30,1.0
104,31,1.0
105,21,0.0
105,22,0.0
105,32,1.0
106,11,1.0
106,30,1.5
106,31,2.0
107,10,1.0
107,11,0.0
107,12,0.0
107,21,2.0
108,21,1.0
108,30,1.5
108,31,0.0
109,10,1.5
109,30,2.0
109,31,0.5
110,11,0.0
110,21,2.0
110,31,2.0
111,30,1.0
112,20,1.0
112,31,1.0
113,10,0.0
113,12,0.0
113,30,2.0
113,32,2.0
114,10,1.0
114,11,0.0
114,12,2.0
114,30,2.0
114,32,2.0
115,10,0.0
115,11,0.0
115,22,0.0
115,31,1.0
115,32,2.0
116,11,0.0
116,20,2.0
116,21,1.0
116,32,2.0
117,10,1.0
118,10,0.0
118,11,0.0
118,12,0.0
118,30,1.0
119,11,1.0
119,31,1.0
120,12,1.0
120,30,0.0
120,31,2.0
121,21,0.0
121,30,2.0
122,12,1.3333333333333333
122,30,1.0
123,11,1.0
123,12,2.0
123,32,2.0
124,11,1.0
124,20,0.0
124,31,2.0
124,32,1.0
125,11,0.0
125,21,2.0
125,31,1.0
126,12,0.0
126,31,1.6666666666666667
127,10,1.0
127,11,1.0
127,12,2.0
127,22,1.0
127,30,1.0
128,30,2.0
128,32,1.0
129,11,0.0
129,30,1.0
129,31,0.0
130,11,0.0
130,12,0.0
131,32,2.0
132,10,0.5
132,22,2.0
132,30,2.0
133,21,0.0
133,22,1.0
133,30,2.0
134,11,1.0
134,12,2.0
134,31,2.0
135,10,1.0
135,11,0.0
135,20,1.0
135,32,2.0
136,22,2.0
136,30,2.0
136,31,1.5
137,10,1.0
137,30,1.5
137,32,2.0
138,10,0.5
138,21,0.0
138,31,1.0
139,11,0.0
139,12,2.0
139,21,2.0
140,21,1.0
140,30,1.5
140,31,1.0
141,10,1.0
141,11,0.0
141,22,2.0
141,31,2.0
141,32,2.0
142,10,0.0
142,11,0.0
143,11,0.0
143,31,1.3333333333333333
144,30,2.0
144,31,0.3333333333333333
144,32,0.0
145,12,0.0
145,22,0.0
145,32,0.0
146,12,2.0
146,31,2.0
146,32,2.0
147,21,1.0
147,22,2.0
147,31,1.3333333333333333
148,12,0.0
148,21,0.0
148,31,1.3333333333333333
149,10,2.0
149,12,0.0
149,21,2.0
149,31,2.0
149,32,1.0
150,10,0.0
150,11,0.0
150,30,1.0
150,32,2.0
151,10,1.0
151,21,2.0
151,32,2.0
152,10,0.5
152,22,2.0
152,30,2.0
153,11,2.0
153,20,1.0
153,22,0.0
153,30,1.5
154,22,2.0
154,31,2.0
155,10,1.0
155,12,0.0
156,10,0.0
156,12,2.0
156,30,1.0
157,12,1.0
157,20,1.0
157,30,2.0
157,32,2.0
158,11,1.0
158,20,2.0
158,30,2.0
158,31,2.0
159,20,1.0
159,30,1.0
159,32,2.0
160,21,1.0
160,31,0.0
160,32,2.0
161,12,1.0
161,30,1.0
161,31,0.0
161,32,1.0
162,10,1.0
162,11,0.0
162,20,1.0
162,21,2.0
162,31,2.0
163,11,1.0
163,12,0.0
163,21,1.0
163,32,2.0
164,11,0.0
164,22,2.0
164,30,1.5
164,31,1.0
165,20,0.0
165,22,2.0
165,30,0.0
165,32,0.0
166,21,1.0
166,31,2.0
167,10,0.0
167,21,1.0
167,32,1.0
168,11,0.6666666666666666
168,12,0.5
169,10,1.0
169,11,1.0
169,21,1.0
169,30,2.0
169,31,2.0
170,10,0.0
170,11,0.0
170,21,0.0
170,30,2.0
170,31,2.0
171,11,2.0
172,11,0.0
173,10,1.0
173,11,1.0
173,12,0.0
173,21,2.0
174,12,0.0
174,20,1.0
174,21,0.0
174,31,1.5
175,11,1.0
175,22,2.0
175,31,0.0
176,10,1.0
176,22,1.0
176,30,2.0
177,12,0.0
177,21,1.0
177,31,1.0
178,10,1.0
178,11,1.0
178,12,1.0
178,30,2.0
178,32,2.0
179,10,1.0
179,11,0.0
179,32,2.0
180,21,0.0
180,30,0.0
181,11,1.0
181,22,1.0
181,31,2.0
182,11,0.0
182,30,1.0
182,31,0.0
183,20,1.0
183,30,2.0
184,21,1.0
185,31,0.3333333333333333
186,22,0.0
186,31,0.0
186,32,2.0
187,11,1.0
187,12,1.0
187,30,1.0
187,31,2.0
187,32,2.0
188,10,1.0
188,11,1.0
188,12,2.0
188,20,1.0
188,22,2.0
188,30,2.0
188,31,2.0
189,11,1.0
189,22,2.0
189,30,2.0
189,31,2.0
190,10,1.0
190,12,2.0
190,30,2.0
190,32,1.0
191,10,1.0
191,32,0.0
192,11,0.0
192,12,0.0
192,22,1.0
192,30,1.0
193,12,0.0
193,21,0.0
193,22,1.0
194,11,1.0
194,20,2.0
194,21,1.0
194,31,0.0
195,11,1.0
195,12,0.0
195,21,2.0
196,21,2.0
196,22,2.0
197,10,0.0
198,11,0.5
198,31,1.0
199,10,0.0
199,11,0.0
199,31,1.0
199,32,2.0
200,10,1.0
200,12,1.0
200,22,2.0
200,30,2.0
201,21,1.0
201,31,1.5
202,10,1.0
202,22,2.0
202,30,2.0
203,11,0.0
203,20,1.0
203,22,2.0
203,32,2.0
204,10,0.5
204,12,2.0
204,22,0.0
205,10,1.0
205,12,2.0
205,30,1.0
205,31,2.0
206,30,1.0
207,10,1.0
207,11,0.0
207,30,1.0
207,31,2.0
208,10,0.0
208,11,0.0
208,22,2.0
208,31,0.0
208,32,2.0
209,11,0.0
209,12,1.0
210,30,1.0
211,10,1.5
211,30,2.0
211,32,2.0
212,21,2.0
212,30,2.0
212,31,2.0
212,32,2.0
213,10,1.0
213,11,1.0
213,12,1.0
213,32,2.0
214,11,0.0
214,21,2.0
214,31,2.0
215,31,1.5
215,32,2.0
216,30,1.0
217,12,0.0
217,20,1.0
217,30,0.5
218,30,1.3333333333333333
218,32,1.0
219,11,0.0
219,12,0.0
219,21,1.0
220,10,0.0
220,22,1.0
220,30,1.6666666666666667
221,11,0.0
221,21,0.0
221,30,1.5
221,32,2.0
222,12,0.0
222,21,0.0
222,31,0.6666666666666666
223,10,1.5
223,22,1.0
223,31,2.0
224,11,0.0
224,31,0.5
224,32,0.0
225,11,0.0
226,11,1.0
226,12,2.0
226,32,2.0
227,10,1.0
227,22,1.0
227,30,1.0
228,10,1.0
228,11,1.0
229,32,2.0
230,10,1.0
230,21,2.0
230,30,1.5
231,10,0.0
231,11,0.0
231,30,2.0
231,32,2.0
232,10,2.0
232,12,1.0
232,21,0.0
232,30,1.0
232,31,2.0
233,10,0.0
233,11,0.0
233,12,1.0
233,32,2.0
234,10,0.0
234,11,0.0
234,12,1.0
234,21,0.0
234,30,1.0
235,10,2.0
235,11,1.0
235,30,2.0
236,10,0.5
236,32,2.0
237,10,1.0
237,11,0.0
237,12,1.0
237,21,0.0
237,22,1.0
238,12,2.0
238,20,2.0
238,30,2.0
238,31,2.0
239,11,0.0
239,30,1.0
240,12,1.0
241,11,0.0
241,21,1.0
241,30,2.0
241,31,2.0
242,11,1.0
242,20,1.0
242,31,1.0
243,11,0.0
243,21,1.0
243,31,0.0
244,12,1.0
244,32,2.0
245,11,0.5
245,21,1.0
245,31,2.0
246,10,1.0
246,12,0.0
246,31,1.0
246,32,2.0
247,11,0.0
247,32,1.5
248,30,1.0
248,32,2.0
249,11,1.0
250,12,2.0
250,20,1.0
250,22,2.0
250,31,1.0
251,10,0.0
251,12,1.0
251,21,1.0
251,30,2.0
251,32,2.0
252,11,0.0
252,12,0.0
252,21,2.0
253,10,1.0
253,32,2.0
254,10,1.0
254,30,2.0
254,31,1.0
255,11,1.0
255,12,1.0
255,30,1.0
255,31,2.0
256,12,1.0
256,21,1.0
256,32,2.0
257,30,1.0
257,31,0.0
258,11,0.0
258,20,0.0
258,30,1.0
258,31,0.0
259,30,1.0
259,31,1.5
260,20,1.0
260,30,2.0
260,31,2.0
260,32,2.0
261,12,1.0
261,20,1.0
261,32,2.0
262,31,0.3333333333333333
263,30,1.5
263,31,0.0
263,32,2.0
264,10,1.0
264,30,1.0
264,31,0.0
265,31,0.0
266,11,0.0
266,31,1.0
267,11,0.0
267,12,0.0
267,30,1.0
267,32,1.0
268,10,0.0
268,20,0.0
268,30,1.0
268,31,1.0
269,10,0.0
269,11,0.0
269,31,0.5
269,32,2.0
270,10,1.0
270,11,0.0
270,22,2.0
270,31,2.0
270,32,2.0
271,10,1.0
271,30,2.0
271,31,2.0
272,12,1.0
272,22,2.0
272,31,0.5
272,32,2.0
273,12,0.0
273,31,0.5
274,10,1.0
274,20,2.0
274,32,2.0
275,11,0.0
275,30,1.0
275,31,2.0
276,11,0.0
276,32,2.0
277,10,1.0
277,20,1.0
277,30,1.5
277,32,2.0
278,10,2.0
278,22,1.0
278,31,1.0
279,21,2.0
279,30,2.0
279,31,2.0
280,10,0.0
280,22,2.0
280,30,1.5
281,11,0.0
281,31,0.0
282,11,1.5
282,30,2.0
282,31,2.0
283,11,1.0
283,21,1.0
283,30,2.0
283,31,2.0
283,32,2.0
284,10,0.0
284,11,0.0
284,12,0.0
284,32,2.0
285,11,0.0
285,20,1.0
285,21,2.0
285,30,2.0
286,11,1.0
286,12,1.0
286,21,2.0
286,30,1.0
286,31,1.0
287,10,1.0
287,11,0.0
287,21,1.0
288,11,1.0
288,30,2.0
289,20,0.0
289,30,2.0
289,31,1.0
289,32,1.0
290,11,0.0
290,12,0.0
290,21,1.0
291,20,0.0
291,21,2.0
291,31,2.0
291,32,2.0
292,30,2.0
292,31,2.0
293,11,1.0
293,12,0.0
293,30,2.0
294,31,1.0
294,32,2.0
295,22,2.0
295,30,1.0
295,32,2.0
296,30,1.0
297,10,1.0
297,11,1.0
297,21,2.0
297,30,2.0
297,31,1.0
298,11,2.0
298,22,2.0
298,31,2.0
298,32,1.0
299,10,1.0
299,21,1.0
299,30,1.0
299,31,2.0
299,32,2.0
300,10,0.0
300,11,1.0
300,12,2.0
300,22,2.0
300,30,2.0
300,31,0.0
300,32,2.0
301,11,2.0
301,21,2.0
301,31,2.0
302,12,2.0
302,30,2.0
303,11,0.0
303,21,2.0
303,31,2.0
304,20,1.0
304,22,0.0
304,30,0.0
304,31,2.0
305,10,0.0
305,12,0.0
305,31,0.0
306,11,0.0
306,31,2.0
306,32,1.0
307,11,1.0
307,22,2.0
307,31,2.0
307,32,2.0
308,11,0.0
308,12,0.0
308,22,1.0
309,21,2.0
309,30,1.0
309,31,2.0
310,21,0.0
310,30,1.0
310,31,0.0
311,11,2.0
311,31,1.0
312,21,1.0
312,30,2.0
312,31,1.0
313,11,1.0
313,12,1.5
313,30,1.5
314,30,1.5
314,31,2.0
315,10,1.0
315,30,1.5
315,31,1.0
316,12,1.0
316,21,1.0
316,31,1.0
317,10,1.0
317,11,1.0
317,12,2.0
318,12,0.0
318,20,1.0
318,21,2.0
318,31,2.0
318,32,2.0
319,31,2.0
320,10,1.0
320,11,0.0
320,22,2.0
320,30,2.0
320,31,2.0
321,11,1.0
321,21,2.0
321,31,1.5
322,11,2.0
322,12,0.0
322,30,2.0
323,21,2.0
324,22,1.0
324,30,1.0
324,31,0.0
324,32,1.0
325,12,0.0
326,11,1.0
326,21,1.0
326,30,2.0
326,31,2.0
327,10,2.0
327,11,0.0
327,12,0.0
327,30,2.0
327,31,1.0
328,10,2.0
328,31,2.0
329,21,2.0
329,30,1.5
329,31,2.0
330,11,0.0
330,12,1.0
330,21,2.0
330,31,0.0
331,10,0.0
331,30,2.0
331,31,0.0
332,10,2.0
332,20,2.0
332,21,2.0
332,32,2.0
333,10,0.0
333,11,0.0
333,20,1.0
333,30,1.0
333,31,0.0
334,10,0.0
334,12,0.0
334,21,1.0
334,31,2.0
335,10,0.0
335,11,1.0
335,20,2.0
335,22,2.0
336,10,0.0
336,11,0.5
336,12,1.0
337,10,1.0
337,30,2.0
337,32,2.0
338,10,1.0
338,11,2.0
338,12,2.0
339,11,0.0
339,12,1.0
339,31,0.0
339,32,1.0
340,20,1.0
340,31,1.3333333333333333
341,11,1.0
341,12,0.0
342,10,1.0
342,20,1.0
342,31,1.0
342,32,1.5
343,20,1.0
343,30,2.0
343,32,2.0
344,10,1.0
344,11,1.0
344,20,1.0
344,32,1.5
345,10,1.0
345,12,0.0
345,22,0.0
345,31,1.5
346,12,1.0
346,22,1.0
346,30,2.0
346,31,1.0
347,10,0.0
347,12,0.0
347,20,1.0
347,30,2.0
348,11,0.0
348,12,0.0
348,30,1.5
348,31,2.0
349,10,1.0
349,11,1.0
349,22,1.0
349,30,2.0
350,11,0.0
350,31,1.0
351,10,1.0
351,11,1.0
351,32,2.0
352,10,0.0
352,11,0.0
352,20,1.5
352,21,2.0
353,10,1.0
353,30,2.0
353,32,2.0
354,10,0.0
354,11,1.0
354,20,2.0
355,11,2.0
355,32,2.0
356,11,0.0
356,21,1.0
356,31,1.0
357,10,1.0
357,20,1.0
358,30,1.5
359,10,2.0
359,12,0.0
359,30,2.0
359,31,2.0
360,11,1.0
360,12,1.0
360,22,2.0
360,30,2.0
360,31,2.0
361,10,1.0
361,30,2.0
362,12,0.0
362,30,0.0
362,31,2.0
364,10,0.0
364,11,0.0
364,20,1.0
364,22,2.0
364,30,1.0
365,31,1.0
366,10,1.0
366,12,0.0
366,21,0.5
366,31,2.0
367,12,0.5
367,30,1.5
367,31,0.0
368,31,0.0
369,12,0.0
369,31,2.0
370,22,1.0
370,31,2.0
371,12,2.0
371,20,2.0
372,11,2.0
372,21,1.5
372,22,2.0
372,30,1.0
373,11,1.3333333333333333
373,30,1.0
374,10,1.0
374,20,1.0
374,30,1.5
374,32,2.0
375,11,1.0
375,12,1.0
375,21,1.0
375,31,1.0
376,11,1.0
376,12,1.0
376,20,1.0
376,30,2.0
376,31,1.0
377,20,2.0
377,30,2.0
377,32,2.0
378,11,1.0
378,30,2.0
378,31,1.0
379,10,0.5
379,12,1.0
379,30,2.0
379,32,2.0
380,11,1.0
380,31,1.5
381,10,1.0
381,11,0.0
381,20,1.0
382,11,1.0
382,21,1.0
382,30,2.0
382,31,2.0
383,21,0.0
383,32,2.0
384,30,1.0
384,31,1.0
384,32,2.0
385,12,0.0
385,21,2.0
385,30,2.0
385,31,2.0
386,11,0.0
386,12,1.5
386,30,2.0
386,31,0.0
387,21,0.6666666666666666
388,10,0.0
388,12,1.0
388,20,0.0
389,11,0.0
389,30,2.0
389,31,1.0
390,10,1.0
390,21,1.0
390,22,1.0
390,30,2.0
390,31,0.0
391,10,0.0
391,30,2.0
391,31,1.0
392,10,2.0
392,11,2.0
392,12,2.0
392,21,2.0
392,32,2.0
393,11,2.0
393,12,2.0
393,21,2.0
393,32,2.0
394,11,0.0
394,12,0.0
395,11,1.0
395,12,1.0
395,21,0.0
396,11,0.0
396,30,1.0
396,31,2.0
396,32,1.0
397,12,1.0
397,31,1.0
397,32,2.0
398,20,2.0
398,22,2.0
398,30,2.0
398,32,2.0
399,10,0.0
399,12,2.0
399,30,1.0
399,31,0.0
400,10,0.6666666666666666
400,32,1.0
401,10,1.0
401,20,1.0
401,30,2.0
402,10,0.5
402,30,2.0
403,10,1.5
403,11,0.5
403,32,2.0
404,10,1.0
404,11,0.0
404,30,1.5
405,20,1.0
405,21,1.0
405,32,2.0
406,10,1.5
406,21,1.0
406,31,2.0
407,31,2.0
408,11,1.0
408,21,2.0
408,30,1.0
409,11,1.0
409,20,1.0
409,30,2.0
410,10,1.0
410,12,2.0
410,20,2.0
410,21,1.0
411,10,0.5
411,11,0.0
411,32,2.0
412,11,2.0
412,31,1.0
412,32,1.0
413,10,0.0
413,11,0.0
413,12,1.0
413,32,2.0
414,10,1.0
414,11,2.0
414,12,2.0
414,30,2.0
415,30,1.6666666666666667
416,11,0.0
416,12,1.0
417,11,0.0
417,22,1.0
417,32,0.0
418,11,1.0
418,12,1.0
418,21,0.0
419,11,0.0
420,21,0.0
421,12,1.0
421,30,2.0
422,11,1.0
422,12,0.0
422,31,0.0
423,31,1.0
424,10,1.0
424,22,1.0
424,30,2.0
425,10,1.5
425,12,2.0
425,22,2.0
426,11,0.0
426,31,1.0
427,10,1.0
427,11,1.0
427,21,1.0
427,30,1.0
428,21,1.0
428,31,1.3333333333333333
429,11,0.0
429,22,0.0
429,30,1.5
429,32,1.0
430,10,1.0
430,11,0.5
431,10,2.0
431,11,1.0
431,21,2.0
431,30,2.0
432,11,1.0
432,12,2.0
432,20,1.0
432,32,2.0
433,11,2.0
433,12,0.0
433,21,2.0
433,30,2.0
434,21,1.0
434,30,2.0
434,31,1.5
435,10,1.0
435,12,1.0
435,20,1.0
435,31,0.0
435,32,1.0
436,11,0.0
436,21,2.0
436,31,2.0
437,11,1.0
437,21,1.0
437,30,2.0
437,31,2.0
438,12,1.0
438,21,1.0
438,22,1.0
438,32,1.0
439,10,1.0
439,11,0.0
439,30,2.0
440,30,1.0
440,31,2.0
441,12,0.0
441,31,1.0
441,32,1.0
442,10,2.0
442,20,1.0
442,30,2.0
442,31,2.0
442,32,2.0
443,10,0.5
443,30,1.0
444,22,2.0
444,30,1.5
445,12,1.0
445,21,1.0
445,31,2.0
445,32,1.5
446,11,1.0
446,31,2.0
447,10,0.0
447,12,1.0
447,20,1.0
447,30,2.0
448,11,0.5
448,12,2.0
448,31,2.0
449,11,2.0
449,12,2.0
449,21,2.0
449,31,2.0
450,31,1.0
450,32,2.0
451,10,1.0
451,11,1.0
451,12,1.0
451,30,2.0
451,31,2.0
452,11,1.0
452,12,1.0
452,30,2.0
452,31,2.0
453,10,1.6666666666666667
453,22,2.0
454,21,0.0
454,30,1.0
454,31,1.5
455,11,0.0
455,21,1.0
455,31,1.0
456,11,0.0
456,21,0.0
457,10,0.0
457,30,2.0
457,31,2.0
457,32,2.0
458,11,0.0
458,30,2.0
458,31,1.5
459,10,0.5
459,12,1.0
460,10,1.0
461,12,1.0
461,30,2.0
461,31,1.0
461,32,1.0
462,12,2.0
462,20,2.0
462,30,2.0
462,31,2.0
463,10,1.0
463,21,2.0
464,30,2.0
465,10,2.0
465,20,2.0
465,30,2.0
466,10,1.0
466,11,0.0
466,12,0.0
466,21,2.0
466,30,2.0
467,10,0.0
467,12,2.0
467,22,1.0
468,21,0.0
468,30,1.0
468,31,1.5
469,10,1.0
469,11,1.0
469,12,1.0
469,31,2.0
470,10,1.0
470,11,0.0
470,30,2.0
470,31,2.0
470,32,2.0
471,11,0.0
471,12,1.0
471,31,2.0
472,10,0.0
472,11,0.0
472,30,1.5
473,10,1.0
473,11,0.0
473,12,0.0
473,21,2.0
473,30,2.0
474,20,0.0
474,22,2.0
474,30,1.5
475,20,1.0
475,22,0.0
475,30,2.0
475,31,1.0
476,10,0.0
476,30,1.5
476,31,2.0
476,32,2.0
477,10,1.0
477,12,0.0
477,31,2.0
478,11,0.5
478,32,1.0
479,11,1.5
479,21,0.0
479,32,2.0
480,10,1.0
480,11,0.0
480,20,1.0
481,11,1.0
481,30,1.0
482,10,1.0
482,11,0.0
482,20,1.0
482,30,2.0
483,30,2.0
484,21,1.0
485,11,1.0
485,30,2.0
486,11,2.0
486,12,0.0
486,32,2.0
487,10,1.0
487,11,1.0
487,30,2.0
487,31,1.0
488,12,1.0
488,21,1.0
488,32,2.0
489,11,1.0
489,12,0.0
489,20,1.0
489,30,2.0
489,32,1.0
490,21,0.0
490,30,1.0
490,31,1.0
491,10,1.0
491,30,2.0
491,31,2.0
492,12,1.0
492,22,2.0
492,31,0.0
493,22,1.0
493,30,1.0
493,31,0.0
493,32,0.0
494,11,2.0
494,12,1.0
494,20,1.5
495,31,0.5
495,32,0.0
496,11,1.0
496,12,2.0
496,31,2.0
497,11,0.0
497,22,1.0
497,30,1.0
497,31,0.0
498,10,2.0
498,11,1.0
498,31,2.0
499,21,1.0
499,30,1.0
500,10,1.0
500,12,1.0
500,30,2.0
501,10,1.0
501,12,2.0
501,30,2.0
502,11,0.0
502,12,0.0
502,31,0.0
503,10,0.0
503,11,0.0
503,30,1.0
504,12,2.0
504,20,2.0
504,21,2.0
504,22,1.0
504,31,2.0
505,10,0.0
505,11,0.0
505,30,1.0
505,31,2.0
506,10,1.0
506,12,1.0
506,22,1.0
506,30,2.0
507,11,1.0
507,31,1.5
508,12,1.0
508,21,1.0
508,32,2.0
509,11,1.0
509,21,2.0
509,30,2.0
509,31,2.0
510,10,1.0
510,30,2.0
511,11,0.5
511,30,1.0
511,31,0.0
512,11,1.0
512,12,0.0
512,21,2.0
512,31,2.0
513,21,1.0
513,30,1.0
513,31,0.0
514,12,1.0
514,21,0.0
514,32,2.0
515,11,0.0
515,20,0.0
515,21,0.0
515,31,2.0
516,12,1.0
516,31,2.0
516,32,2.0
517,11,0.0
517,12,0.0
517,30,2.0
517,31,0.0
517,32,0.0
518,11,0.0
518,20,1.0
518,21,0.0
518,30,2.0
518,31,2.0
519,12,2.0
519,22,2.0
519,31,0.0
520,10,0.0
520,11,1.0
520,12,2.0
520,22,2.0
521,30,1.3333333333333333
521,31,0.0
521,32,0.0
522,12,2.0
522,30,2.0
522,31,2.0
523,21,1.0
524,11,2.0
524,22,2.0
524,30,1.0
524,32,2.0
525,21,2.0
526,12,2.0
526,30,1.0
526,32,2.0
527,10,1.0
527,11,1.0
527,20,1.0
527,30,1.0
528,22,2.0
528,31,2.0
528,32,2.0
529,10,2.0
529,31,2.0
530,10,0.0
530,11,0.0
530,12,0.5
530,20,2.0
531,12,1.0
531,21,0.0
531,31,0.0
532,10,1.0
532,21,2.0
532,30,1.0
533,32,1.0
534,22,0.0
534,31,0.0
534,32,2.0
535,10,2.0
535,12,2.0
535,21,2.0
535,31,0.5
536,11,0.0
536,12,0.0
536,31,1.5
537,10,1.0
537,12,1.0
537,30,1.0
538,21,1.0
538,32,2.0
539,11,0.0
539,20,1.5
540,20,1.0
540,31,0.0
540,32,2.0
541,11,0.0
541,22,2.0
541,30,1.5
541,31,0.0
542,11,1.0
542,12,1.0
542,31,0.0
543,10,1.0
543,20,2.0
543,21,2.0
544,30,2.0
544,32,2.0
545,12,1.0
545,31,2.0
545,32,2.0
546,11,0.0
547,10,0.0
547,30,1.3333333333333333
548,30,2.0
549,21,0.0
549,31,0.0
550,10,0.0
550,11,0.0
550,21,1.0
550,30,2.0
551,21,2.0
551,30,0.0
551,31,2.0
552,21,1.0
552,31,1.0
553,12,2.0
553,31,0.0
553,32,2.0
554,11,0.0
554,30,1.5
554,31,2.0
555,21,0.0
555,22,1.0
555,31,1.0
556,30,1.0
556,32,1.0
557,11,1.0
557,20,2.0
558,10,1.0
558,12,1.0
558,21,1.0
559,10,0.0
559,12,0.0
559,30,1.5
559,31,2.0
560,11,2.0
560,20,0.0
560,21,1.0
560,31,1.0
561,10,1.0
561,21,1.0
561,22,2.0
561,32,2.0
562,21,2.0
562,22,2.0
562,32,2.0
563,10,1.0
563,22,1.0
563,32,1.0
564,30,2.0
564,31,2.0
565,10,0.0
565,20,0.0
565,30,0.0
565,31,0.0
565,32,0.0
566,30,1.5
566,31,1.5
567,12,0.0
567,31,0.0
568,30,2.0
568,31,1.0
569,11,0.0
569,12,0.0
569,31,2.0
570,10,1.0
570,31,2.0
571,11,0.0
571,31,0.5
572,11,1.0
572,12,1.0
572,22,1.0
572,30,2.0
572,31,2.0
573,12,1.0
573,21,1.0
574,10,1.0
574,30,0.0
574,31,2.0
575,31,0.75
575,32,1.0
576,11,1.0
576,12,0.0
576,30,1.0
576,31,2.0
577,10,1.0
577,21,1.0
577,31,1.0
578,20,1.0
578,21,1.0
578,30,1.0
579,10,1.0
579,20,2.0
579,32,1.0
580,10,2.0
580,11,0.0
580,12,2.0
580,30,2.0
580,31,0.0
581,20,1.0
581,21,1.0
581,30,1.5
581,31,1.0
582,31,1.0
583,21,1.0
584,21,2.0
585,32,2.0
586,10,1.0
586,11,1.0
586,12,0.0
586,30,2.0
586,31,0.0
587,10,0.0
587,11,1.0
587,30,1.0
588,11,2.0
588,12,1.0
588,21,0.0
589,10,1.0
589,11,0.0
589,30,2.0
590,10,1.0
590,20,1.0
590,30,1.0
591,10,1.0
591,22,0.0
591,30,2.0
592,12,1.5
592,31,0.0
593,11,1.0
593,12,1.0
593,21,1.0
593,31,1.0
594,20,2.0
594,21,0.0
594,30,2.0
594,32,2.0
595,12,0.0
596,10,1.0
596,12,1.0
596,32,2.0
597,11,1.0
597,21,1.0
597,30,2.0
598,10,0.5
598,22,1.0
598,30,2.0
598,32,2.0
599,11,1.5
599,30,1.5
599,31,1.0
600,10,1.0
600,11,1.0
600,30,2.0
600,31,0.0
600,32,2.0
601,10,1.0
601,11,0.0
601,12,0.0
601,21,1.0
602,11,1.0
602,12,1.0
602,20,1.0
602,22,2.0
603,10,2.0
603,20,2.0
604,30,2.0
604,32,2.0
605,12,0.0
605,21,1.0
605,31,2.0
606,10,0.0
606,12,0.0
606,22,2.0
606,31,0.0
606,32,2.0
607,11,1.0
607,12,1.0
607,30,1.0
607,31,1.0
607,32,1.0
608,10,1.0
608,12,0.0
608,21,0.0
608,32,2.0
609,10,0.0
609,11,1.3333333333333333
609,31,0.0
610,12,0.0
610,31,1.5
611,11,1.0
611,30,2.0
611,31,2.0
612,10,2.0
612,20,1.0
613,11,0.0
613,20,0.0
613,22,0.0
613,30,2.0
613,31,0.0
614,21,1.0
614,22,2.0
614,30,2.0
614,31,2.0
614,32,1.0
615,20,1.0
615,21,1.0
616,11,0.0
616,20,1.0
616,30,1.0
616,31,1.0
616,32,2.0
617,11,0.0
617,12,2.0
617,30,1.0
617,31,2.0
618,11,1.0
618,12,0.0
618,21,0.0
619,10,0.0
619,11,0.0
619,12,0.0
619,30,2.0
619,31,1.0
619,32,2.0
620,10,1.0
620,11,1.0
620,22,1.0
620,30,1.0
621,10,1.0
621,30,2.0
622,10,0.0
622,11,0.0
622,31,1.0
622,32,1.0
623,20,1.0
623,21,1.0
623,22,1.5
624,11,1.0
624,12,1.0
624,32,2.0
625,31,2.0
625,32,2.0
626,10,0.5
626,30,2.0
626,32,1.5
627,10,0.0
627,11,0.0
627,12,1.0
627,30,2.0
627,31,0.0
628,10,1.0
628,20,2.0
628,30,2.0
628,32,0.5
629,21,0.0
629,30,1.0
629,31,0.0
630,11,0.0
630,21,1.0
630,30,1.0
631,11,0.0
631,12,2.0
631,30,2.0
631,32,2.0
632,11,0.0
632,12,0.0
632,21,1.0
632,31,0.0
633,10,2.0
633,22,2.0
634,11,1.0
635,11,1.0
635,21,2.0
635,22,1.0
635,31,1.0
636,20,1.0
636,30,2.0
637,12,0.0
637,20,1.0
637,30,1.0
637,31,0.0
638,11,2.0
638,22,2.0
638,30,1.5
638,31,2.0
639,10,2.0
639,11,0.0
639,20,1.0
639,30,1.5
640,11,1.0
640,12,1.0
640,20,1.0
640,31,2.0
641,10,1.0
641,11,1.0
641,30,1.5
641,31,2.0
642,11,0.0
642,30,2.0
643,10,0.0
643,11,0.6666666666666666
643,30,1.0
644,11,2.0
644,21,2.0
644,22,2.0
644,30,2.0
644,32,2.0
645,20,1.0
645,21,0.0
645,30,2.0
646,11,2.0
646,21,2.0
646,30,2.0
646,31,2.0
647,11,1.0
647,21,2.0
648,12,2.0
648,21,0.0
648,22,1.0
649,12,0.0
649,21,1.0
649,31,0.0
650,11,1.0
650,12,1.0
650,21,1.0
650,30,2.0
650,32,1.0
651,11,2.0
651,12,2.0
651,30,2.0
651,31,2.0
651,32,2.0
652,10,0.5
652,30,2.0
652,32,2.0
653,11,1.0
653,20,1.0
653,30,2.0
654,20,1.0
654,30,1.5
654,31,1.0
655,10,2.0
655,11,0.0
655,30,2.0
655,31,2.0
655,32,2.0
656,31,0.0
656,32,2.0
657,10,1.0
657,12,0.0
657,30,1.0
657,31,0.0
658,11,0.5
658,20,1.0
658,30,1.5
659,22,1.0
659,31,0.5
660,30,2.0
660,31,2.0
661,10,0.0
661,11,1.0
661,20,1.0
661,32,1.0
662,10,1.0
662,21,2.0
662,30,2.0
663,10,1.0
663,30,2.0
664,10,0.0
664,12,0.0
665,12,2.0
665,21,1.0
665,30,2.0
665,32,1.0
666,11,0.0
666,12,1.0
666,20,2.0
666,30,2.0
666,31,2.0
667,10,0.0
667,12,0.5
667,30,1.0
667,31,1.0
668,10,1.0
668,11,1.0
668,22,2.0
668,32,2.0
669,31,2.0
670,21,2.0
670,31,1.0
671,10,1.0
671,11,1.5
671,30,2.0
672,11,1.0
674,11,1.0
674,31,2.0
675,30,0.5
675,32,0.0
676,12,0.0
676,30,2.0
676,31,2.0
677,10,0.5
677,12,0.0
677,22,2.0
677,30,2.0
678,10,1.0
678,12,1.0
678,22,2.0
678,30,2.0
678,31,2.0
679,11,0.0
679,12,0.0
679,31,2.0
680,10,1.0
680,21,0.0
680,31,2.0
681,10,0.0
681,12,0.0
681,30,0.0
681,31,2.0
681,32,1.0
682,10,0.0
682,11,0.0
682,12,0.0
682,22,0.0
683,11,0.0
683,21,2.0
683,30,2.0
684,21,0.0
684,30,1.5
684,31,0.5
685,10,1.0
685,12,1.0
685,21,1.0
685,22,1.0
685,32,2.0
686,11,0.5
686,30,1.0
686,31,2.0
687,10,0.0
687,12,0.0
687,21,2.0
687,30,1.0
687,32,2.0
688,10,1.0
689,10,1.0
689,12,1.0
689,30,1.0
689,31,0.0
690,21,2.0
691,11,0.0
691,30,1.0
691,31,2.0
692,10,1.0
692,11,1.0
692,20,1.0
692,22,1.0
692,31,2.0
693,12,0.0
693,31,1.5
693,32,1.0
694,12,1.0
694,21,0.0
694,31,1.3333333333333333
695,10,0.5
695,11,0.0
695,30,1.0
696,21,1.0
696,31,1.3333333333333333
696,32,0.0
697,12,2.0
697,22,1.0
697,30,1.0
697,31,1.0
697,32,1.0
698,11,1.0
698,12,1.0
699,10,0.0
699,11,0.0
699,12,2.0
699,20,1.0
699,30,2.0
700,11,0.0
700,20,1.0
700,21,2.0
700,31,1.5
701,10,0.0
701,11,0.0
701,30,1.0
701,31,1.0
702,11,0.0
702,31,2.0
703,10,0.0
703,12,1.0
703,20,1.0
703,22,1.0
704,11,0.0
704,30,0.0
704,31,1.5
705,10,0.5
705,12,1.0
705,30,2.0
705,32,2.0
706,10,0.0
706,12,0.0
706,20,1.0
706,30,1.0
707,10,1.0
707,12,1.0
707,20,1.0
707,31,0.0
707,32,2.0
708,10,1.0
708,30,1.5
709,10,1.0
709,11,0.0
709,12,0.0
709,31,2.0
709,32,2.0
710,20,0.0
710,21,1.0
710,32,2.0
711,12,1.0
711,31,1.0
711,32,1.0
712,20,0.0
712,30,2.0
712,31,0.0
713,12,0.0
713,32,2.0
714,10,0.0
714,12,2.0
714,22,2.0
714,31,2.0
715,12,0.5
715,21,1.0
715,31,0.0
715,32,2.0
716,10,1.0
717,11,1.0
717,31,0.25
718,10,1.0
718,30,2.0
718,32,1.5
719,22,0.0
719,30,1.0
719,31,0.0
720,12,1.0
720,22,2.0
720,30,1.0
720,31,2.0
721,21,2.0
721,30,2.0
722,11,0.5
722,30,1.0
722,31,2.0
723,10,0.5
723,20,1.0
723,22,1.0
723,32,1.0
724,11,1.0
724,21,2.0
725,10,2.0
725,20,1.0
725,22,2.0
726,10,0.0
726,12,0.0
726,21,1.0
726,30,1.0
726,31,2.0
727,20,0.0
727,22,0.5
727,30,1.0
728,11,1.0
728,21,1.0
728,30,2.0
728,31,2.0
729,10,0.0
729,30,2.0
729,32,2.0
730,10,1.0
730,30,2.0
731,11,1.0
731,21,1.0
732,12,1.0
732,30,2.0
733,20,0.0
733,31,1.0
733,32,2.0
734,10,1.0
734,22,2.0
734,31,2.0
735,22,2.0
735,31,2.0
736,10,0.0
736,11,0.0
736,30,1.0
736,31,0.0
736,32,1.0
737,11,0.0
737,21,0.0
738,22,1.0
738,30,1.3333333333333333
738,32,2.0
739,10,0.0
739,30,2.0
739,31,2.0
740,20,0.0
740,21,0.0
740,30,2.0
742,10,0.0
742,11,0.0
742,12,0.0
742,30,2.0
743,12,1.0
743,21,1.0
743,31,0.5
744,12,0.0
744,31,2.0
744,32,2.0
745,10,0.5
745,12,0.0
745,31,2.0
745,32,2.0
746,11,0.5
746,12,1.0
746,22,2.0
747,11,2.0
748,20,1.0
748,31,1.5
748,32,2.0
749,10,1.0
749,30,2.0
749,32,2.0
750,11,0.0
750,21,2.0
751,12,0.0
751,22,0.0
751,31,1.0
752,11,2.0
752,12,2.0
752,21,0.0
752,22,2.0
752,30,2.0
753,12,0.0
753,21,0.0
753,22,1.0
753,30,1.0
753,31,2.0
754,20,2.0
754,30,2.0
755,20,1.0
755,21,1.0
756,11,2.0
756,12,2.0
756,20,1.0
756,32,2.0
757,12,2.0
757,31,0.0
758,11,0.0
758,12,0.5
758,32,2.0
759,11,0.0
759,30,0.0
759,31,1.0
760,12,1.0
760,31,1.0
760,32,2.0
761,11,1.0
761,21,1.0
761,31,2.0
762,11,0.0
762,30,2.0
762,31,2.0
763,21,2.0
763,22,0.0
763,30,2.0
763,31,1.6666666666666667
764,30,1.3333333333333333
764,32,2.0
765,11,1.0
765,30,2.0
766,11,0.0
766,12,0.0
767,30,1.0
767,31,1.0
768,12,1.5
768,21,0.0
768,31,0.0
769,10,1.5
769,32,2.0
770,22,1.5
770,30,2.0
771,11,0.0
771,20,1.0
771,21,2.0
771,30,2.0
771,32,1.0
772,10,1.0
772,11,1.0
772,21,1.0
772,30,2.0
772,32,2.0
773,12,1.0
773,21,1.0
773,31,1.0
774,10,0.0
774,11,0.0
774,30,1.0
774,31,2.0
774,32,1.0
775,12,1.0
775,31,2.0
775,32,2.0
776,11,1.0
776,21,2.0
776,31,2.0
777,22,2.0
777,32,2.0
778,12,1.0
778,30,2.0
778,31,1.0
779,10,2.0
779,11,1.0
779,21,2.0
779,31,2.0
780,11,0.0
780,21,1.0
780,31,2.0
781,22,1.0
781,30,1.0
781,32,2.0
782,11,1.0
782,31,1.3333333333333333
783,11,2.0
783,12,1.0
783,20,0.0
783,31,1.0
783,32,2.0
784,12,0.0
784,21,1.5
784,31,2.0
785,11,1.0
785,12,0.0
785,22,2.0
785,31,0.0
786,11,0.5
786,12,1.0
786,21,0.0
787,10,1.0
787,12,2.0
787,21,0.0
787,22,2.0
787,32,2.0
788,11,1.0
788,20,1.0
788,30,1.0
788,32,2.0
789,12,1.5
789,31,1.0
789,32,2.0
790,21,0.0
790,30,1.0
791,11,0.5
791,21,0.0
791,31,0.0
792,10,1.0
792,11,1.0
792,30,2.0
793,12,2.0
793,21,1.0
793,22,2.0
793,32,2.0
794,10,1.5
794,12,1.0
795,11,0.5
795,30,2.0
795,32,2.0
796,10,1.0
796,20,1.0
796,31,1.0
796,32,2.0
797,11,1.0
797,12,1.0
797,20,1.0
797,31,0.0
797,32,1.0
798,11,0.0
798,20,2.0
798,21,1.0
798,31,2.0
799,11,0.0
799,12,0.0
799,20,1.0
799,31,2.0
800,12,1.5
800,31,1.0
800,32,2.0
801,11,1.0
801,12,2.0
802,11,0.3333333333333333
802,21,1.0
802,30,2.0
803,11,1.5
803,31,1.0
804,10,2.0
804,21,2.0
804,32,2.0
805,12,0.0
805,21,0.0
805,31,2.0
806,10,1.5
806,30,2.0
807,12,0.0
807,21,1.0
808,11,0.5
808,30,1.0
808,31,1.5
809,11,0.0
809,31,0.0
810,12,0.0
810,21,1.0
810,32,2.0
811,11,0.0
811,12,2.0
811,21,2.0
811,30,1.0
812,11,0.0
812,21,1.0
812,32,2.0
813,11,0.0
813,12,0.0
813,30,1.0
813,32,2.0
814,11,0.0
814,12,1.0
814,30,2.0
815,11,0.0
815,12,0.0
815,32,2.0
816,10,1.0
816,12,2.0
816,20,1.0
817,12,0.0
817,21,2.0
817,31,2.0
818,32,2.0
819,11,1.0
819,12,2.0
819,21,2.0
819,31,2.0
820,10,0.0
820,11,0.0
820,12,1.0
820,30,1.0
820,32,2.0
821,11,2.0
821,12,1.0
821,31,1.0
822,11,1.0
822,20,1.0
822,31,2.0
823,20,1.0
823,30,1.5
823,31,1.0
824,12,0.0
824,21,0.0
824,31,2.0
824,32,2.0
825,11,1.0
825,31,1.6666666666666667
826,10,1.0
826,21,1.0
826,22,1.0
826,30,2.0
827,12,0.0
827,20,1.0
827,30,2.0
827,31,0.5
828,11,1.0
828,30,1.0
828,31,1.0
828,32,2.0
829,11,0.0
829,30,1.0
829,31,1.6666666666666667
830,10,0.0
830,12,0.5
830,22,1.0
831,30,1.0
831,32,1.0
832,10,1.0
832,11,0.0
832,22,1.0
832,32,2.0
833,10,0.0
833,11,2.0
833,12,0.0
833,30,2.0
834,11,0.0
834,22,0.0
834,30,2.0
834,31,2.0
834,32,2.0
835,20,1.0
835,30,2.0
835,32,2.0
836,10,1.0
836,11,1.0
836,12,1.5
836,30,2.0
837,10,1.0
837,20,1.0
837,30,1.0
837,32,2.0
838,10,1.0
838,11,1.0
838,21,1.0
838,32,2.0
839,10,1.0
839,32,2.0
840,10,1.0
840,30,2.0
840,32,2.0
841,10,1.0
841,30,2.0
841,32,2.0
842,10,1.0
842,11,0.0
842,12,1.0
842,31,0.0
843,10,0.0
843,11,0.0
843,30,2.0
844,12,0.0
844,21,2.0
844,22,2.0
845,11,0.0
845,12,1.0
845,22,1.0
845,31,1.0
846,11,1.0
846,21,1.0
846,22,0.0
846,30,2.0
846,31,0.0
847,11,0.0
848,11,1.0
848,32,2.0
849,30,2.0
849,31,2.0
850,21,1.0
850,32,2.0
851,10,0.0
851,12,1.0
851,20,2.0
851,30,2.0
852,11,1.0
852,12,1.0
852,22,2.0
853,11,0.0
853,22,2.0
853,30,2.0
853,31,2.0
854,21,0.0
855,12,2.0
855,21,1.0
855,31,0.0
856,11,0.0
856,30,1.6666666666666667
856,31,2.0
857,10,0.0
857,30,1.0
857,32,2.0
858,10,0.0
858,30,2.0
858,32,2.0
859,11,1.0
859,12,1.0
859,31,2.0
859,32,2.0
860,11,0.0
860,21,1.0
861,10,0.0
861,11,0.0
861,12,0.0
861,30,1.0
862,11,1.0
862,22,2.0
863,11,0.0
863,30,1.0
863,31,2.0
864,12,1.0
864,20,1.0
864,21,1.0
864,22,2.0
864,30,2.0
865,11,0.0
865,30,1.0
865,31,2.0
865,32,1.5
866,11,1.0
866,12,0.0
866,21,0.0
867,11,1.0
867,30,1.0
867,31,0.0
868,10,1.0
868,11,1.0
868,20,1.0
868,30,2.0
869,10,0.0
869,20,1.0
869,22,1.0
869,30,2.0
869,32,2.0
870,10,1.0
870,30,2.0
871,10,1.0
872,12,1.0
872,31,2.0
873,12,1.0
873,21,0.5
873,32,2.0
874,30,2.0
875,31,1.0
875,32,2.0
876,11,0.0
876,21,2.0
876,30,2.0
876,31,2.0
877,11,0.0
877,12,0.0
877,21,0.0
877,22,0.0
877,30,2.0
878,20,1.0
878,30,1.5
879,11,0.0
879,12,2.0
879,22,0.0
879,30,2.0
879,31,2.0
880,10,1.0
880,12,2.0
880,32,1.0
881,10,2.0
881,12,1.0
881,20,2.0
881,30,2.0
882,11,0.0
882,12,1.0
883,31,0.0
883,32,1.3333333333333333
884,10,1.0
884,11,1.0
884,12,2.0
884,32,0.0
885,11,1.0
885,30,2.0
885,31,2.0
886,11,0.0
886,21,1.0
886,30,2.0
886,31,1.0
887,10,2.0
887,11,2.0
887,22,2.0
887,31,2.0
888,10,1.0
889,12,1.0
890,21,0.0
890,22,1.0
890,31,2.0
890,32,1.0
891,31,0.0
891,32,0.0
892,10,1.0
892,11,0.0
892,30,2.0
892,31,2.0
893,10,1.0
893,11,1.0
893,30,2.0
893,31,2.0
894,11,0.0
894,30,1.0
894,31,0.0
894,32,2.0
895,12,0.0
895,31,2.0
896,10,0.0
896,11,0.0
896,30,2.0
896,32,2.0
897,10,2.0
897,11,0.5
897,12,2.0
897,30,2.0
898,30,2.0
898,31,2.0
899,12,0.0
899,30,2.0
899,31,1.0
899,32,2.0
900,10,0.0
900,12,0.0
900,21,0.0
900,30,1.5
901,10,1.0
901,21,1.0
902,12,0.0
902,21,1.0
902,31,1.0
903,11,0.0
903,12,0.5
903,30,2.0
903,32,2.0
904,11,1.0
904,12,1.0
905,11,0.0
905,30,2.0
905,31,1.0
906,10,2.0
906,11,0.0
906,12,0.0
906,21,2.0
907,10,0.0
907,11,1.0
907,12,0.0
907,31,1.0
908,30,1.0
908,31,1.0
908,32,2.0
909,31,2.0
910,10,1.0
910,12,0.0
910,22,2.0
910,31,2.0
911,11,0.0
911,31,1.0
912,22,0.0
912,31,1.3333333333333333
913,20,1.0
913,32,2.0
914,11,0.0
914,12,1.0
914,31,2.0
915,12,2.0
916,11,2.0
916,12,1.0
916,30,1.0
916,31,2.0
917,11,0.0
917,22,2.0
918,11,0.5
918,30,2.0
918,31,2.0
918,32,2.0
919,10,1.0
919,21,0.0
919,30,1.0
920,10,1.0
920,32,2.0
921,10,1.0
921,30,1.5
921,31,2.0
922,10,1.0
922,11,0.5
922,32,1.5
923,10,1.0
923,11,0.6666666666666666
923,30,2.0
924,22,2.0
924,30,1.0
924,32,0.0
925,11,1.0
925,31,2.0
926,10,1.0
926,22,1.0
926,32,1.0
927,11,1.0
927,12,0.0
929,10,0.5
929,21,0.0
930,10,1.0
930,11,1.0
930,30,2.0
931,11,1.0
931,12,1.0
931,32,2.0
932,12,1.0
932,30,2.0
932,31,0.5
932,32,2.0
933,11,1.0
933,12,1.0
933,21,2.0
934,11,1.0
934,12,1.0
934,31,2.0
935,10,1.0
935,11,0.5
935,21,1.0
935,30,2.0
936,10,1.0
936,30,1.0
936,31,2.0
937,10,1.0
937,11,1.0
937,22,1.0
937,30,2.0
937,31,1.0
938,12,1.0
938,20,1.0
938,30,2.0
938,31,0.0
939,20,1.0
940,10,0.5
940,12,2.0
940,21,0.0
941,20,0.0
941,21,0.0
941,30,1.5
941,31,2.0
943,12,0.0
943,21,0.0
943,31,2.0
943,32,1.0
944,10,0.5
944,22,0.5
945,11,0.0
945,21,1.0
946,11,0.0
946,30,1.0
946,32,2.0
947,12,1.0
947,21,1.0
947,31,2.0
948,10,0.0
948,11,0.0
948,12,0.0
948,32,1.0
949,31,1.0
950,11,1.0
950,22,0.0
950,30,2.0
950,31,2.0
950,32,2.0
951,10,0.0
951,30,2.0
952,11,2.0
952,12,1.0
952,31,1.0
953,21,0.0
953,31,2.0
954,10,1.0
954,12,2.0
954,22,2.0
954,30,2.0
955,10,1.0
955,11,1.0
955,30,1.5
955,32,2.0
956,10,2.0
956,32,2.0
957,11,1.0
957,22,1.0
958,20,1.0
958,30,1.5
958,31,1.0
960,11,0.0
960,12,0.0
960,30,1.5
961,10,0.0
961,11,0.0
961,12,1.0
961,30,2.0
962,31,1.0
963,10,0.0
963,20,1.0
963,31,2.0
964,11,0.0
964,20,1.0
964,21,1.0
964,30,2.0
965,11,0.0
965,12,1.0
965,21,0.0
965,31,2.0
965,32,2.0
966,10,0.0
966,11,0.0
966,12,2.0
966,20,1.0
966,32,2.0
967,22,1.0
967,30,1.0
968,31,1.0
969,10,1.0
969,22,2.0
969,30,2.0
969,32,2.0
970,10,0.0
970,12,1.0
970,32,2.0
971,12,2.0
971,30,1.0
972,10,0.0
972,11,0.0
972,21,1.0
972,30,2.0
972,32,1.0
973,11,1.0
973,31,1.5
974,10,1.0
974,20,1.0
974,30,2.0
975,12,2.0
975,20,2.0
975,30,2.0
976,10,1.0
976,11,0.0
976,22,1.0
976,31,2.0
976,32,2.0
977,11,1.0
977,21,0.0
977,31,2.0
978,10,1.0
978,21,1.0
978,30,2.0
979,21,1.0
979,22,1.0
979,30,2.0
980,11,0.0
980,12,0.0
980,31,0.0
980,32,2.0
981,10,0.5
981,32,2.0
983,10,1.0
984,31,1.0
984,32,0.0
985,11,1.0
985,22,1.0
985,30,2.0
985,32,2.0
986,31,2.0
987,11,0.0
987,12,1.0
987,21,0.0
987,32,2.0
988,11,1.0
988,20,1.0
988,21,0.0
988,30,1.0
989,10,0.0
989,11,1.0
989,30,0.5
990,30,1.0
991,10,0.0
991,21,0.0
991,22,2.0
992,11,1.0
992,12,1.0
992,21,1.0
992,31,0.0
993,30,2.0
993,31,1.3333333333333333
993,32,2.0
994,10,0.0
994,22,2.0
994,30,1.5
995,30,1.6666666666666667
995,32,2.0
996,30,2.0
997,11,1.0
997,30,2.0
998,12,0.0
998,21,0.0
998,22,1.0
998,32,1.0
999,10,2.0
999,11,2.0
999,30,1.0
999,32,2.0
1000,10,1.0
1000,30,1.0
1000,32,2.0
1001,12,1.0
1001,31,2.0
1001,32,2.0
1002,12,1.0
1002,30,0.0
1003,10,0.5
1003,22,1.0
1003,30,2.0
1003,32,2.0
1004,12,0.0
1004,21,0.0
1005,12,0.5
1005,21,0.5
1006,30,1.0
1006,31,0.0
1006,32,0.0
1007,30,2.0
1007,31,1.0
1008,12,1.0
1008,31,1.5
1009,30,0.5
1009,31,1.0
1010,12,0.0
1010,21,0.0
1010,31,1.0
1010,32,2.0
1011,10,2.0
1011,11,0.0
1011,12,1.0
1011,32,2.0
1012,10,1.0
1012,11,0.0
1012,30,2.0
1013,10,1.0
1013,12,0.0
1013,20,1.0
1013,31,2.0
1014,30,2.0
1014,31,0.3333333333333333
1014,32,0.0
1015,12,1.0
1015,21,0.5
1015,31,1.5
1016,12,0.0
1016,31,1.0
1016,32,2.0
1017,11,1.0
1017,31,2.0
1018,10,0.0
1018,11,0.0
1018,12,0.0
1018,20,0.0
1018,21,0.0
1019,21,1.5
1019,30,1.3333333333333333
1020,11,1.0
1020,31,2.0
1021,10,0.0
1021,11,0.0
1021,30,1.5
1021,31,1.0
1022,10,0.0
1022,12,0.0
1022,20,1.0
1022,22,2.0
1023,11,1.0
1023,12,2.0
1023,32,2.0
1024,11,2.0
1024,12,1.5
1024,21,0.0
1025,10,2.0
1025,11,1.0
1025,12,2.0
1025,22,2.0
1026,11,0.0
1026,21,1.0
1026,31,1.0
1027,10,0.0
1028,10,1.0
1028,21,2.0
1028,31,0.0
1029,10,1.0
1029,11,2.0
1029,12,0.0
1029,30,2.0
